title,A_1,A_2,A_3,A_4,A_5,Y
no_act_2(0),-0.887,-0.858,-0.804,-0.81,-0.789,0
no_act_2(1),-0.876,-0.778,-0.823,-0.811,-0.766,0
no_act_2(2),-0.87,-0.811,-0.814,-0.787,-0.813,0
no_act_2(3),-0.89,-0.814,-0.804,-0.778,-0.793,0
no_act_2(4),-0.914,-0.803,-0.825,-0.791,-0.791,0
no_act_2(5),-0.898,-0.8,-0.786,-0.795,-0.816,0
no_act_2(6),-0.905,-0.774,-0.796,-0.786,-0.796,0
no_act_2(7),-0.899,-0.804,-0.818,-0.782,-0.799,0
no_act_2(8),-0.855,-0.815,-0.792,-0.759,-0.793,0
no_act_2(9),-0.815,-0.843,-0.794,-0.835,-0.819,0
no_act_2(10),-0.809,-0.828,-0.82,-0.826,-0.805,0
no_act_2(11),-0.9,-0.823,-0.79,-0.78,-0.817,0
no_act_2(12),-0.913,-0.807,-0.813,-0.785,-0.775,0
no_act_2(13),-0.938,-0.817,-0.8,-0.805,-0.801,0
no_act_2(14),-0.902,-0.819,-0.817,-0.777,-0.786,0
no_act_2(15),-0.858,-0.85,-0.799,-0.799,-0.834,0
no_act_2(16),-0.877,-0.823,-0.822,-0.801,-0.819,0
no_act_2(17),-0.911,-0.769,-0.82,-0.77,-0.83,0
no_act_2(18),-0.887,-0.78,-0.809,-0.84,-0.776,0
no_act_2(19),-0.814,-0.823,-0.855,-0.802,-0.775,0
no_act_2(20),-0.811,-0.814,-0.823,-0.827,-0.79,0
no_act_2(21),-0.804,-0.85,-0.812,-0.82,-0.831,0
no_act_2(22),-0.912,-0.778,-0.82,-0.791,-0.807,0
no_act_2(23),-0.92,-0.818,-0.805,-0.783,-0.801,0
no_act_2(24),-0.93,-0.795,-0.767,-0.777,-0.8,0
no_act_2(25),-0.893,-0.779,-0.797,-0.796,-0.771,0
no_act_2(26),-0.835,-0.79,-0.801,-0.793,-0.804,0
no_act_2(27),-0.86,-0.78,-0.805,-0.776,-0.811,0
no_act_2(28),-0.91,-0.823,-0.814,-0.791,-0.804,0
no_act_2(29),-0.898,-0.802,-0.798,-0.779,-0.791,0
no_act_2(30),-0.815,-0.832,-0.803,-0.811,-0.785,0
no_act_2(31),-0.808,-0.838,-0.795,-0.804,-0.784,0
no_act_2(32),-0.825,-0.802,-0.791,-0.794,-0.788,0
no_act_2(33),-0.916,-0.769,-0.776,-0.8,-0.777,0
no_act_2(34),-0.904,-0.827,-0.773,-0.78,-0.792,0
no_act_2(35),-0.917,-0.786,-0.798,-0.757,-0.78,0
no_act_2(36),-0.912,-0.759,-0.811,-0.791,-0.766,0
no_act_2(37),-0.8,-0.803,-0.816,-0.798,-0.828,0
no_act_2(38),-0.837,-0.801,-0.784,-0.799,-0.798,0
no_act_2(39),-0.894,-0.779,-0.791,-0.779,-0.776,0
no_act_2(40),-0.792,-0.852,-0.821,-0.8,-0.802,0
no_act_2(41),-0.829,-0.813,-0.813,-0.824,-0.775,0
no_act_2(42),-0.852,-0.799,-0.763,-0.76,-0.828,0
no_act_2(43),-0.844,-0.827,-0.765,-0.8,-0.807,0
no_act_2(44),-0.882,-0.822,-0.808,-0.764,-0.795,0
no_act_2(45),-0.91,-0.814,-0.785,-0.805,-0.809,0
no_act_2(46),-0.906,-0.814,-0.802,-0.804,-0.786,0
no_act_2(47),-0.844,-0.842,-0.776,-0.812,-0.789,0
no_act_2(48),-0.793,-0.86,-0.806,-0.785,-0.782,0
no_act_2(49),-0.818,-0.828,-0.788,-0.777,-0.793,0
no_act_2(50),-0.897,-0.818,-0.791,-0.788,-0.809,0
no_act_2(51),-0.921,-0.833,-0.822,-0.748,-0.824,0
no_act_2(52),-0.849,-0.852,-0.814,-0.79,-0.807,0
no_act_2(53),-0.834,-0.823,-0.791,-0.8,-0.813,0
no_act_2(54),-0.784,-0.79,-0.814,-0.775,-0.814,0
no_act_2(55),-0.933,-0.861,-0.794,-0.779,-0.817,0
no_act_2(56),-0.925,-0.828,-0.802,-0.795,-0.768,0
no_act_2(57),-0.917,-0.836,-0.822,-0.828,-0.794,0
no_act_2(58),-0.908,-0.834,-0.799,-0.813,-0.842,0
no_act_2(59),-0.883,-0.838,-0.803,-0.754,-0.802,0
no_act_2(60),-0.843,-0.824,-0.815,-0.785,-0.813,0
no_act_2(61),-0.912,-0.801,-0.774,-0.802,-0.825,0
no_act_2(62),-0.911,-0.83,-0.836,-0.799,-0.814,0
no_act_2(63),-0.812,-0.802,-0.812,-0.814,-0.798,0
no_act_2(64),-0.813,-0.798,-0.788,-0.78,-0.818,0
no_act_2(65),-0.814,-0.749,-0.832,-0.819,-0.824,0
no_act_2(66),-0.872,-0.803,-0.762,-0.779,-0.768,0
no_act_2(67),-0.916,-0.76,-0.791,-0.792,-0.773,0
no_act_2(68),-0.904,-0.806,-0.795,-0.8,-0.796,0
no_act_2(69),-0.851,-0.82,-0.802,-0.778,-0.814,0
no_act_2(70),-0.829,-0.813,-0.771,-0.804,-0.799,0
no_act_2(71),-0.808,-0.861,-0.818,-0.803,-0.819,0
no_act_2(72),-0.919,-0.79,-0.783,-0.814,-0.793,0
no_act_2(73),-0.867,-0.792,-0.789,-0.82,-0.766,0
no_act_2(74),-0.808,-0.816,-0.784,-0.802,-0.8,0
no_act_2(75),-0.827,-0.824,-0.803,-0.82,-0.82,0
no_act_2(76),-0.85,-0.796,-0.817,-0.765,-0.787,0
no_act_2(77),-0.924,-0.822,-0.798,-0.78,-0.828,0
no_act_2(78),-0.892,-0.802,-0.761,-0.804,-0.785,0
no_act_2(79),-0.901,-0.774,-0.817,-0.798,-0.777,0
no_act_2(80),-0.862,-0.84,-0.773,-0.793,-0.821,0
no_act_2(81),-0.839,-0.811,-0.809,-0.798,-0.808,0
no_act_2(82),-0.792,-0.827,-0.82,-0.766,-0.835,0
no_act_2(83),-0.867,-0.816,-0.778,-0.802,-0.822,0
no_act_2(84),-0.854,-0.833,-0.823,-0.808,-0.818,0
no_act_2(85),-0.82,-0.851,-0.786,-0.846,-0.778,0
no_act_2(86),-0.838,-0.802,-0.836,-0.775,-0.832,0
no_act_2(87),-0.841,-0.787,-0.799,-0.805,-0.833,0
no_act_2(88),-0.945,-0.786,-0.775,-0.792,-0.83,0
no_act_2(89),-0.942,-0.793,-0.815,-0.797,-0.77,0
no_act_2(90),-0.879,-0.836,-0.798,-0.797,-0.821,0
no_act_2(91),-0.815,-0.812,-0.83,-0.817,-0.812,0
no_act_2(92),-0.799,-0.805,-0.79,-0.804,-0.791,0
no_act_2(93),-0.796,-0.785,-0.798,-0.829,-0.795,0
no_act_2(94),-0.883,-0.799,-0.767,-0.794,-0.777,0
no_act_2(95),-0.937,-0.8,-0.821,-0.787,-0.781,0
no_act_2(96),-0.892,-0.815,-0.783,-0.783,-0.807,0
no_act_2(97),-0.835,-0.795,-0.84,-0.817,-0.797,0
no_act_2(98),-0.787,-0.814,-0.783,-0.81,-0.812,0
no_act_2(99),-0.856,-0.819,-0.797,-0.828,-0.819,0
no_act_2(100),-0.893,-0.788,-0.781,-0.848,-0.837,0
no_act_2(101),-0.918,-0.777,-0.79,-0.808,-0.796,0
no_act_2(102),-0.898,-0.839,-0.775,-0.77,-0.81,0
no_act_2(103),-0.868,-0.805,-0.785,-0.822,-0.795,0
no_act_2(104),-0.881,-0.858,-0.807,-0.849,-0.797,0
no_act_2(105),-0.895,-0.815,-0.8,-0.805,-0.851,0
no_act_2(106),-0.944,-0.81,-0.797,-0.801,-0.84,0
no_act_2(107),-0.836,-0.83,-0.802,-0.813,-0.812,0
no_act_2(108),-0.844,-0.786,-0.826,-0.822,-0.824,0
no_act_2(109),-0.809,-0.827,-0.811,-0.798,-0.809,0
no_act_2(110),-0.918,-0.817,-0.825,-0.777,-0.776,0
no_act_2(111),-0.902,-0.791,-0.78,-0.827,-0.772,0
no_act_2(112),-0.905,-0.782,-0.832,-0.843,-0.767,0
no_act_2(113),-0.911,-0.824,-0.785,-0.796,-0.797,0
no_act_2(114),-0.814,-0.82,-0.846,-0.789,-0.784,0
no_act_2(115),-0.81,-0.802,-0.828,-0.788,-0.79,0
no_act_2(116),-0.855,-0.824,-0.802,-0.818,-0.786,0
no_act_2(117),-0.886,-0.823,-0.813,-0.818,-0.794,0
no_act_2(118),-0.872,-0.805,-0.82,-0.778,-0.773,0
no_act_2(119),-0.85,-0.805,-0.807,-0.836,-0.816,0
no_act_2(120),-0.846,-0.793,-0.835,-0.812,-0.809,0
no_act_2(121),-0.924,-0.756,-0.798,-0.848,-0.822,0
no_act_2(122),-0.899,-0.758,-0.808,-0.832,-0.777,0
no_act_2(123),-0.91,-0.845,-0.777,-0.774,-0.794,0
no_act_2(124),-0.912,-0.834,-0.814,-0.832,-0.796,0
no_act_2(125),-0.881,-0.849,-0.802,-0.827,-0.769,0
no_act_2(126),-0.892,-0.832,-0.765,-0.794,-0.805,0
no_act_2(127),-0.917,-0.794,-0.753,-0.794,-0.794,0
no_act_2(128),-0.903,-0.756,-0.81,-0.81,-0.823,0
no_act_2(129),-0.845,-0.797,-0.812,-0.741,-0.799,0
no_act_2(130),-0.818,-0.818,-0.827,-0.798,-0.812,0
no_act_2(131),-0.838,-0.788,-0.791,-0.788,-0.813,0
no_act_2(132),-0.915,-0.817,-0.785,-0.785,-0.781,0
no_act_2(133),-0.937,-0.795,-0.812,-0.782,-0.779,0
no_act_2(134),-0.903,-0.82,-0.835,-0.803,-0.799,0
no_act_2(135),-0.891,-0.812,-0.787,-0.792,-0.744,0
no_act_2(136),-0.879,-0.836,-0.803,-0.793,-0.765,0
no_act_2(137),-0.813,-0.834,-0.789,-0.792,-0.771,0
no_act_2(138),-0.788,-0.791,-0.81,-0.83,-0.822,0
no_act_2(139),-0.894,-0.809,-0.842,-0.772,-0.787,0
no_act_2(140),-0.854,-0.826,-0.777,-0.783,-0.813,0
no_act_2(141),-0.792,-0.816,-0.774,-0.76,-0.824,0
no_act_2(142),-0.821,-0.797,-0.777,-0.788,-0.805,0
no_act_2(143),-0.938,-0.805,-0.779,-0.811,-0.812,0
no_act_2(144),-0.915,-0.816,-0.77,-0.841,-0.798,0
no_act_2(145),-0.909,-0.758,-0.786,-0.77,-0.802,0
no_act_2(146),-0.912,-0.811,-0.762,-0.796,-0.765,0
no_act_2(147),-0.871,-0.809,-0.765,-0.806,-0.841,0
no_act_2(148),-0.825,-0.861,-0.766,-0.792,-0.767,0
no_act_2(149),-0.884,-0.839,-0.791,-0.777,-0.807,0
no_act_2(150),-0.885,-0.805,-0.795,-0.791,-0.781,0
no_act_2(151),-0.867,-0.846,-0.767,-0.73,-0.798,0
no_act_2(152),-0.842,-0.817,-0.769,-0.773,-0.784,0
no_act_2(153),-0.802,-0.807,-0.805,-0.779,-0.765,0
no_act_2(154),-0.913,-0.83,-0.809,-0.818,-0.838,0
no_act_2(155),-0.911,-0.847,-0.863,-0.749,-0.771,0
no_act_2(156),-0.915,-0.786,-0.838,-0.737,-0.836,0
no_act_2(157),-0.906,-0.766,-0.831,-0.775,-0.831,0
no_act_2(158),-0.825,-0.786,-0.802,-0.82,-0.765,0
no_act_2(159),-0.802,-0.853,-0.837,-0.793,-0.775,0
no_act_2(160),-0.928,-0.81,-0.813,-0.804,-0.82,0
no_act_2(161),-0.875,-0.855,-0.777,-0.792,-0.785,0
no_act_2(162),-0.827,-0.816,-0.828,-0.77,-0.773,0
no_act_2(163),-0.848,-0.867,-0.803,-0.811,-0.8,0
no_act_2(164),-0.848,-0.82,-0.79,-0.801,-0.774,0
no_act_2(165),-0.899,-0.846,-0.791,-0.85,-0.809,0
no_act_2(166),-0.908,-0.834,-0.774,-0.784,-0.764,0
no_act_2(167),-0.92,-0.805,-0.822,-0.808,-0.816,0
no_act_2(168),-0.925,-0.839,-0.79,-0.806,-0.79,0
no_act_2(169),-0.843,-0.847,-0.772,-0.826,-0.78,0
no_act_2(170),-0.801,-0.806,-0.789,-0.801,-0.829,0
no_act_2(171),-0.865,-0.824,-0.842,-0.779,-0.803,0
no_act_2(172),-0.861,-0.813,-0.785,-0.831,-0.81,0
no_act_2(173),-0.853,-0.83,-0.81,-0.827,-0.806,0
no_act_2(174),-0.823,-0.779,-0.792,-0.827,-0.826,0
no_act_2(175),-0.789,-0.83,-0.783,-0.806,-0.859,0
no_act_1(0),-0.98,-0.785,-0.81,-0.783,-0.77,0
no_act_1(1),-0.849,-0.813,-0.804,-0.784,-0.86,0
no_act_1(2),-0.826,-0.847,-0.777,-0.802,-0.803,0
no_act_1(3),-0.825,-0.81,-0.791,-0.803,-0.792,0
no_act_1(4),-0.808,-0.8,-0.813,-0.757,-0.787,0
no_act_1(5),-0.942,-0.792,-0.849,-0.786,-0.778,0
no_act_1(6),-0.91,-0.811,-0.772,-0.786,-0.809,0
no_act_1(7),-0.917,-0.823,-0.784,-0.806,-0.78,0
no_act_1(8),-0.929,-0.823,-0.796,-0.75,-0.827,0
no_act_1(9),-0.909,-0.823,-0.787,-0.808,-0.816,0
no_act_1(10),-0.93,-0.778,-0.832,-0.784,-0.798,0
no_act_1(11),-0.809,-0.816,-0.824,-0.809,-0.778,0
no_act_1(12),-0.822,-0.824,-0.79,-0.838,-0.809,0
no_act_1(13),-0.813,-0.825,-0.811,-0.823,-0.808,0
no_act_1(14),-0.777,-0.815,-0.829,-0.815,-0.81,0
no_act_1(15),-0.825,-0.792,-0.787,-0.793,-0.805,0
no_act_1(16),-0.92,-0.8,-0.792,-0.829,-0.765,0
no_act_1(17),-0.908,-0.82,-0.782,-0.782,-0.797,0
no_act_1(18),-0.944,-0.791,-0.794,-0.791,-0.781,0
no_act_1(19),-0.932,-0.795,-0.814,-0.774,-0.779,0
no_act_1(20),-0.922,-0.802,-0.806,-0.828,-0.763,0
no_act_1(21),-0.892,-0.779,-0.809,-0.813,-0.774,0
no_act_1(22),-0.805,-0.827,-0.793,-0.78,-0.763,0
no_act_1(23),-0.835,-0.81,-0.798,-0.825,-0.792,0
no_act_1(24),-0.81,-0.83,-0.774,-0.798,-0.847,0
no_act_1(25),-0.796,-0.782,-0.756,-0.814,-0.751,0
no_act_1(26),-0.815,-0.812,-0.811,-0.775,-0.776,0
no_act_1(27),-0.933,-0.813,-0.864,-0.809,-0.794,0
no_act_1(28),-0.914,-0.833,-0.784,-0.823,-0.822,0
no_act_1(29),-0.936,-0.815,-0.786,-0.819,-0.798,0
no_act_1(30),-0.945,-0.828,-0.787,-0.788,-0.78,0
no_act_1(31),-0.903,-0.828,-0.788,-0.8,-0.81,0
no_act_1(32),-0.925,-0.802,-0.846,-0.773,-0.808,0
no_act_1(33),-0.836,-0.795,-0.815,-0.766,-0.788,0
no_act_1(34),-0.783,-0.818,-0.801,-0.816,-0.794,0
no_act_1(35),-0.752,-0.789,-0.827,-0.82,-0.794,0
no_act_1(36),-0.785,-0.841,-0.812,-0.811,-0.77,0
no_act_1(37),-0.852,-0.791,-0.811,-0.747,-0.814,0
no_act_1(38),-0.936,-0.814,-0.778,-0.844,-0.754,0
no_act_1(39),-0.931,-0.803,-0.787,-0.76,-0.81,0
no_act_1(40),-0.935,-0.821,-0.828,-0.793,-0.788,0
no_act_1(41),-0.943,-0.818,-0.835,-0.837,-0.782,0
no_act_1(42),-0.843,-0.857,-0.828,-0.795,-0.79,0
no_act_1(43),-0.888,-0.825,-0.822,-0.807,-0.791,0
no_act_1(44),-0.827,-0.79,-0.808,-0.851,-0.813,0
no_act_1(45),-0.79,-0.791,-0.79,-0.835,-0.801,0
no_act_1(46),-0.766,-0.817,-0.777,-0.765,-0.79,0
no_act_1(47),-0.814,-0.808,-0.793,-0.828,-0.817,0
no_act_1(48),-0.8,-0.802,-0.861,-0.794,-0.799,0
no_act_1(49),-0.899,-0.773,-0.806,-0.82,-0.792,0
no_act_1(50),-0.906,-0.807,-0.794,-0.782,-0.803,0
no_act_1(51),-0.95,-0.81,-0.784,-0.785,-0.791,0
no_act_1(52),-0.948,-0.796,-0.765,-0.775,-0.813,0
no_act_1(53),-0.911,-0.796,-0.785,-0.764,-0.825,0
no_act_1(54),-0.909,-0.798,-0.789,-0.8,-0.774,0
no_act_1(55),-0.801,-0.844,-0.832,-0.83,-0.807,0
no_act_1(56),-0.814,-0.801,-0.811,-0.798,-0.794,0
no_act_1(57),-0.83,-0.788,-0.777,-0.818,-0.812,0
no_act_1(58),-0.789,-0.76,-0.831,-0.811,-0.785,0
no_act_1(59),-0.842,-0.789,-0.821,-0.807,-0.782,0
no_act_1(60),-0.901,-0.805,-0.809,-0.777,-0.808,0
no_act_1(61),-0.903,-0.856,-0.803,-0.77,-0.762,0
no_act_1(62),-0.918,-0.83,-0.819,-0.838,-0.801,0
no_act_1(63),-0.94,-0.794,-0.783,-0.799,-0.793,0
no_act_1(64),-0.899,-0.793,-0.764,-0.809,-0.817,0
no_act_1(65),-0.905,-0.819,-0.82,-0.807,-0.821,0
no_act_1(66),-0.822,-0.797,-0.771,-0.8,-0.795,0
no_act_1(67),-0.808,-0.833,-0.81,-0.813,-0.829,0
no_act_1(68),-0.814,-0.811,-0.799,-0.799,-0.826,0
no_act_1(69),-0.842,-0.796,-0.805,-0.774,-0.816,0
no_act_1(70),-0.832,-0.825,-0.809,-0.807,-0.8,0
no_act_1(71),-0.923,-0.814,-0.808,-0.79,-0.801,0
no_act_1(72),-0.92,-0.792,-0.817,-0.787,-0.805,0
no_act_1(73),-0.959,-0.825,-0.795,-0.809,-0.806,0
no_act_1(74),-0.967,-0.823,-0.775,-0.813,-0.809,0
no_act_1(75),-0.892,-0.806,-0.792,-0.807,-0.817,0
no_act_1(76),-0.929,-0.818,-0.816,-0.783,-0.794,0
no_act_1(77),-0.819,-0.804,-0.854,-0.786,-0.814,0
no_act_1(78),-0.822,-0.797,-0.825,-0.822,-0.796,0
no_act_1(79),-0.809,-0.824,-0.771,-0.786,-0.797,0
no_act_1(80),-0.837,-0.794,-0.827,-0.776,-0.779,0
no_act_1(81),-0.838,-0.815,-0.835,-0.754,-0.774,0
no_act_1(82),-0.917,-0.839,-0.779,-0.788,-0.821,0
no_act_1(83),-0.903,-0.823,-0.807,-0.78,-0.814,0
no_act_1(84),-0.944,-0.797,-0.784,-0.788,-0.787,0
no_act_1(85),-0.945,-0.805,-0.782,-0.773,-0.772,0
no_act_1(86),-0.902,-0.83,-0.75,-0.796,-0.812,0
no_act_1(87),-0.902,-0.803,-0.803,-0.775,-0.798,0
no_act_1(88),-0.816,-0.791,-0.763,-0.784,-0.778,0
no_act_1(89),-0.84,-0.806,-0.768,-0.839,-0.796,0
no_act_1(90),-0.819,-0.787,-0.799,-0.785,-0.837,0
no_act_1(91),-0.791,-0.797,-0.813,-0.767,-0.769,0
no_act_1(92),-0.833,-0.81,-0.789,-0.809,-0.776,0
no_act_1(93),-0.956,-0.799,-0.795,-0.798,-0.814,0
no_act_1(94),-0.936,-0.834,-0.789,-0.767,-0.83,0
no_act_1(95),-0.951,-0.801,-0.783,-0.81,-0.762,0
no_act_1(96),-0.952,-0.796,-0.843,-0.814,-0.808,0
no_act_1(97),-0.865,-0.819,-0.803,-0.79,-0.785,0
no_act_1(98),-0.929,-0.788,-0.796,-0.797,-0.781,0
no_act_1(99),-0.845,-0.79,-0.842,-0.814,-0.784,0
no_act_1(100),-0.846,-0.792,-0.789,-0.821,-0.836,0
no_act_1(101),-0.852,-0.786,-0.786,-0.825,-0.783,0
no_act_1(102),-0.826,-0.805,-0.807,-0.78,-0.792,0
no_act_1(103),-0.832,-0.811,-0.778,-0.793,-0.786,0
no_act_1(104),-0.929,-0.808,-0.821,-0.789,-0.802,0
no_act_1(105),-0.926,-0.821,-0.768,-0.82,-0.814,0
no_act_1(106),-0.949,-0.836,-0.778,-0.832,-0.778,0
no_act_1(107),-0.947,-0.79,-0.802,-0.779,-0.794,0
no_act_1(108),-0.895,-0.805,-0.805,-0.812,-0.792,0
no_act_1(109),-0.859,-0.81,-0.836,-0.808,-0.815,0
no_act_1(110),-0.824,-0.836,-0.815,-0.769,-0.775,0
no_act_1(111),-0.846,-0.806,-0.785,-0.8,-0.822,0
no_act_1(112),-0.836,-0.784,-0.809,-0.768,-0.818,0
no_act_1(113),-0.815,-0.823,-0.797,-0.804,-0.773,0
no_act_1(114),-0.811,-0.791,-0.807,-0.805,-0.767,0
no_act_1(115),-0.92,-0.759,-0.876,-0.782,-0.772,0
no_act_1(116),-0.894,-0.835,-0.762,-0.781,-0.779,0
no_act_1(117),-0.93,-0.795,-0.821,-0.797,-0.809,0
no_act_1(118),-0.955,-0.83,-0.81,-0.776,-0.798,0
no_act_1(119),-0.865,-0.855,-0.788,-0.796,-0.775,0
no_act_1(120),-0.888,-0.796,-0.836,-0.783,-0.792,0
no_act_1(121),-0.825,-0.803,-0.814,-0.817,-0.797,0
no_act_1(122),-0.792,-0.809,-0.783,-0.788,-0.781,0
no_act_1(123),-0.816,-0.811,-0.774,-0.799,-0.755,0
no_act_1(124),-0.809,-0.813,-0.77,-0.775,-0.774,0
no_act_1(125),-0.805,-0.794,-0.781,-0.79,-0.763,0
no_act_1(126),-0.915,-0.792,-0.82,-0.821,-0.788,0
no_act_1(127),-0.92,-0.788,-0.781,-0.816,-0.829,0
no_act_1(128),-0.955,-0.85,-0.791,-0.797,-0.825,0
no_act_1(129),-0.956,-0.811,-0.792,-0.809,-0.823,0
no_act_1(130),-0.915,-0.815,-0.797,-0.769,-0.803,0
no_act_1(131),-0.922,-0.807,-0.808,-0.825,-0.798,0
no_act_1(132),-0.809,-0.804,-0.821,-0.849,-0.806,0
no_act_1(133),-0.821,-0.786,-0.844,-0.773,-0.788,0
no_act_1(134),-0.82,-0.807,-0.817,-0.775,-0.804,0
no_act_1(135),-0.828,-0.81,-0.841,-0.797,-0.797,0
no_act_1(136),-0.832,-0.819,-0.807,-0.793,-0.81,0
no_act_1(137),-0.922,-0.793,-0.805,-0.75,-0.773,0
no_act_1(138),-0.904,-0.784,-0.798,-0.804,-0.777,0
no_act_1(139),-0.94,-0.799,-0.785,-0.801,-0.812,0
no_act_1(140),-0.95,-0.83,-0.788,-0.841,-0.841,0
no_act_1(141),-0.891,-0.825,-0.828,-0.812,-0.8,0
no_act_1(142),-0.901,-0.816,-0.813,-0.817,-0.808,0
no_act_1(143),-0.798,-0.803,-0.801,-0.885,-0.786,0
no_act_1(144),-0.826,-0.793,-0.793,-0.811,-0.814,0
no_act_1(145),-0.789,-0.843,-0.808,-0.826,-0.783,0
no_act_1(146),-0.804,-0.811,-0.831,-0.796,-0.793,0
no_act_1(147),-0.846,-0.787,-0.832,-0.782,-0.781,0
no_act_1(148),-0.945,-0.844,-0.816,-0.782,-0.799,0
no_act_1(149),-0.904,-0.81,-0.839,-0.806,-0.793,0
no_act_1(150),-0.929,-0.817,-0.839,-0.817,-0.802,0
no_act_1(151),-0.96,-0.783,-0.784,-0.819,-0.806,0
no_act_1(152),-0.931,-0.807,-0.834,-0.771,-0.775,0
no_act_1(153),-0.935,-0.81,-0.813,-0.825,-0.776,0
no_act_1(154),-0.838,-0.804,-0.839,-0.784,-0.769,0
no_act_1(155),-0.798,-0.792,-0.839,-0.783,-0.786,0
no_act_1(156),-0.803,-0.795,-0.773,-0.824,-0.807,0
no_act_1(157),-0.831,-0.815,-0.82,-0.813,-0.802,0
no_act_1(158),-0.84,-0.833,-0.817,-0.827,-0.757,0
no_act_1(159),-0.93,-0.842,-0.798,-0.799,-0.762,0
no_act_1(160),-0.926,-0.798,-0.771,-0.819,-0.795,0
no_act_1(161),-0.954,-0.804,-0.799,-0.804,-0.781,0
no_act_1(162),-0.96,-0.843,-0.808,-0.773,-0.804,0
no_act_1(163),-0.919,-0.798,-0.792,-0.825,-0.81,0
no_act_1(164),-0.929,-0.805,-0.771,-0.798,-0.792,0
no_act_1(165),-0.815,-0.833,-0.842,-0.822,-0.782,0
no_act_1(166),-0.845,-0.809,-0.813,-0.806,-0.801,0
no_act_1(167),-0.831,-0.786,-0.796,-0.825,-0.796,0
no_act_1(168),-0.806,-0.818,-0.823,-0.772,-0.809,0
no_act_1(169),-0.824,-0.779,-0.819,-0.744,-0.767,0
no_act_1(170),-0.939,-0.784,-0.831,-0.791,-0.773,0
no_act_1(171),-0.903,-0.805,-0.789,-0.797,-0.784,0
no_act_1(172),-0.933,-0.8,-0.813,-0.795,-0.803,0
no_act_1(173),-0.941,-0.758,-0.811,-0.77,-0.831,0
no_act_1(174),-0.909,-0.807,-0.803,-0.794,-0.787,0
no_act_1(175),-0.942,-0.796,-0.821,-0.78,-0.775,0
all_1(0),-0.988,-0.926,-0.87,-0.801,-0.793,1
all_1(1),-0.987,-0.904,-0.849,-0.837,-0.78,1
all_1(2),-0.989,-0.894,-0.782,-0.858,-0.826,1
all_1(3),-0.995,-0.939,-0.854,-0.818,-0.852,1
all_1(4),-0.997,-0.958,-0.873,-0.847,-0.795,1
all_1(5),-0.993,-0.971,-0.885,-0.865,-0.767,1
all_1(6),-0.995,-0.973,-0.889,-0.869,-0.793,1
all_1(7),-0.997,-0.968,-0.906,-0.828,-0.841,1
all_1(8),-0.994,-0.97,-0.895,-0.85,-0.792,1
all_1(9),-0.996,-0.952,-0.858,-0.864,-0.818,1
all_1(10),-0.997,-0.961,-0.879,-0.851,-0.837,1
all_1(11),-0.992,-0.922,-0.838,-0.809,-0.822,1
all_1(12),-0.987,-0.897,-0.796,-0.818,-0.82,1
all_1(13),-0.988,-0.93,-0.822,-0.828,-0.826,1
all_1(14),-0.996,-0.97,-0.882,-0.843,-0.834,1
all_1(15),-0.996,-0.97,-0.88,-0.86,-0.825,1
all_1(16),-0.993,-0.97,-0.91,-0.843,-0.867,1
all_1(17),-0.996,-0.97,-0.92,-0.796,-0.834,1
all_1(18),-0.998,-0.971,-0.856,-0.819,-0.826,1
all_1(19),-0.996,-0.974,-0.891,-0.871,-0.79,1
all_1(20),-0.996,-0.973,-0.844,-0.856,-0.851,1
all_1(21),-0.996,-0.967,-0.897,-0.836,-0.832,1
all_1(22),-0.987,-0.858,-0.86,-0.849,-0.82,1
all_1(23),-0.985,-0.858,-0.796,-0.803,-0.823,1
all_1(24),-0.988,-0.93,-0.871,-0.772,-0.823,1
all_1(25),-0.994,-0.949,-0.891,-0.82,-0.841,1
all_1(26),-0.996,-0.962,-0.896,-0.826,-0.812,1
all_1(27),-0.994,-0.976,-0.916,-0.825,-0.832,1
all_1(28),-0.996,-0.976,-0.912,-0.825,-0.827,1
all_1(29),-0.997,-0.975,-0.838,-0.86,-0.856,1
all_1(30),-0.995,-0.974,-0.865,-0.829,-0.879,1
all_1(31),-0.996,-0.964,-0.867,-0.854,-0.779,1
all_1(32),-0.997,-0.962,-0.89,-0.823,-0.827,1
all_1(33),-0.987,-0.909,-0.863,-0.799,-0.804,1
all_1(34),-0.986,-0.899,-0.869,-0.753,-0.786,1
all_1(35),-0.99,-0.895,-0.829,-0.835,-0.813,1
all_1(36),-0.996,-0.943,-0.858,-0.84,-0.812,1
all_1(37),-0.997,-0.969,-0.875,-0.844,-0.833,1
all_1(38),-0.993,-0.973,-0.897,-0.862,-0.806,1
all_1(39),-0.996,-0.973,-0.912,-0.86,-0.807,1
all_1(40),-0.997,-0.968,-0.875,-0.848,-0.836,1
all_1(41),-0.996,-0.968,-0.861,-0.831,-0.81,1
all_1(42),-0.995,-0.954,-0.89,-0.808,-0.853,1
all_1(43),-0.996,-0.96,-0.893,-0.828,-0.84,1
all_1(44),-0.988,-0.874,-0.813,-0.816,-0.804,1
all_1(45),-0.986,-0.833,-0.833,-0.789,-0.794,1
all_1(46),-0.991,-0.916,-0.849,-0.841,-0.83,1
all_1(47),-0.995,-0.958,-0.872,-0.876,-0.825,1
all_1(48),-0.996,-0.967,-0.841,-0.871,-0.817,1
all_1(49),-0.993,-0.974,-0.88,-0.841,-0.814,1
all_1(50),-0.996,-0.972,-0.906,-0.851,-0.808,1
all_1(51),-0.997,-0.972,-0.853,-0.841,-0.83,1
all_1(52),-0.995,-0.967,-0.841,-0.885,-0.825,1
all_1(53),-0.995,-0.954,-0.865,-0.898,-0.835,1
all_1(54),-0.997,-0.958,-0.892,-0.878,-0.81,1
all_1(55),-0.989,-0.929,-0.841,-0.779,-0.788,1
all_1(56),-0.99,-0.886,-0.817,-0.852,-0.805,1
all_1(57),-0.989,-0.922,-0.836,-0.824,-0.826,1
all_1(58),-0.995,-0.949,-0.893,-0.855,-0.859,1
all_1(59),-0.996,-0.97,-0.863,-0.868,-0.832,1
all_1(60),-0.993,-0.974,-0.909,-0.799,-0.818,1
all_1(61),-0.995,-0.976,-0.924,-0.822,-0.854,1
all_1(62),-0.996,-0.972,-0.894,-0.83,-0.824,1
all_1(63),-0.995,-0.97,-0.879,-0.868,-0.792,1
all_1(64),-0.995,-0.974,-0.902,-0.821,-0.822,1
all_1(65),-0.997,-0.959,-0.889,-0.836,-0.813,1
all_1(66),-0.988,-0.913,-0.84,-0.805,-0.805,1
all_1(67),-0.989,-0.887,-0.815,-0.746,-0.811,1
all_1(68),-0.991,-0.921,-0.801,-0.811,-0.813,1
all_1(69),-0.996,-0.932,-0.856,-0.843,-0.842,1
all_1(70),-0.996,-0.956,-0.84,-0.861,-0.811,1
all_1(71),-0.994,-0.974,-0.904,-0.824,-0.789,1
all_1(72),-0.996,-0.976,-0.918,-0.807,-0.848,1
all_1(73),-0.998,-0.977,-0.891,-0.842,-0.851,1
all_1(74),-0.995,-0.972,-0.897,-0.869,-0.823,1
all_1(75),-0.994,-0.966,-0.892,-0.877,-0.802,1
all_1(76),-0.996,-0.969,-0.885,-0.856,-0.894,1
all_1(77),-0.986,-0.934,-0.83,-0.836,-0.796,1
all_1(78),-0.988,-0.891,-0.835,-0.762,-0.805,1
all_1(79),-0.989,-0.925,-0.795,-0.786,-0.844,1
all_1(80),-0.995,-0.941,-0.87,-0.82,-0.841,1
all_1(81),-0.996,-0.965,-0.856,-0.855,-0.814,1
all_1(82),-0.992,-0.974,-0.905,-0.85,-0.881,1
all_1(83),-0.995,-0.972,-0.915,-0.852,-0.849,1
all_1(84),-0.997,-0.964,-0.85,-0.874,-0.816,1
all_1(85),-0.996,-0.971,-0.896,-0.821,-0.802,1
all_1(86),-0.996,-0.967,-0.882,-0.862,-0.826,1
all_1(87),-0.997,-0.961,-0.876,-0.836,-0.888,1
all_1(88),-0.987,-0.913,-0.84,-0.838,-0.782,1
all_1(89),-0.987,-0.887,-0.839,-0.787,-0.774,1
all_1(90),-0.991,-0.945,-0.818,-0.808,-0.778,1
all_1(91),-0.996,-0.942,-0.85,-0.805,-0.802,1
all_1(92),-0.997,-0.959,-0.871,-0.819,-0.784,1
all_1(93),-0.994,-0.976,-0.904,-0.852,-0.819,1
all_1(94),-0.996,-0.978,-0.921,-0.866,-0.822,1
all_1(95),-0.997,-0.966,-0.886,-0.871,-0.844,1
all_1(96),-0.995,-0.97,-0.91,-0.802,-0.814,1
all_1(97),-0.995,-0.966,-0.853,-0.852,-0.798,1
all_1(98),-0.997,-0.964,-0.874,-0.845,-0.825,1
all_1(99),-0.989,-0.884,-0.808,-0.839,-0.775,1
all_1(100),-0.988,-0.837,-0.788,-0.835,-0.767,1
all_1(101),-0.991,-0.891,-0.807,-0.838,-0.805,1
all_1(102),-0.995,-0.959,-0.852,-0.828,-0.841,1
all_1(103),-0.995,-0.961,-0.87,-0.829,-0.839,1
all_1(104),-0.994,-0.972,-0.889,-0.847,-0.839,1
all_1(105),-0.995,-0.972,-0.911,-0.84,-0.796,1
all_1(106),-0.997,-0.972,-0.921,-0.806,-0.826,1
all_1(107),-0.995,-0.966,-0.892,-0.813,-0.843,1
all_1(108),-0.996,-0.963,-0.904,-0.846,-0.827,1
all_1(109),-0.997,-0.964,-0.853,-0.85,-0.848,1
all_1(110),-0.989,-0.9,-0.82,-0.843,-0.841,1
all_1(111),-0.982,-0.824,-0.817,-0.833,-0.874,1
all_1(112),-0.987,-0.903,-0.837,-0.838,-0.802,1
all_1(113),-0.996,-0.967,-0.829,-0.853,-0.833,1
all_1(114),-0.996,-0.971,-0.828,-0.788,-0.826,1
all_1(115),-0.993,-0.975,-0.917,-0.83,-0.784,1
all_1(116),-0.995,-0.974,-0.932,-0.814,-0.83,1
all_1(117),-0.997,-0.971,-0.88,-0.86,-0.839,1
all_1(118),-0.994,-0.963,-0.883,-0.861,-0.801,1
all_1(119),-0.995,-0.968,-0.865,-0.834,-0.846,1
all_1(120),-0.997,-0.962,-0.874,-0.873,-0.846,1
all_1(121),-0.988,-0.89,-0.812,-0.833,-0.823,1
all_1(122),-0.985,-0.841,-0.858,-0.772,-0.771,1
all_1(123),-0.99,-0.865,-0.833,-0.833,-0.804,1
all_1(124),-0.995,-0.953,-0.885,-0.822,-0.849,1
all_1(125),-0.996,-0.959,-0.863,-0.818,-0.835,1
all_1(126),-0.993,-0.976,-0.894,-0.837,-0.819,1
all_1(127),-0.995,-0.97,-0.915,-0.842,-0.809,1
all_1(128),-0.997,-0.975,-0.885,-0.846,-0.859,1
all_1(129),-0.996,-0.974,-0.858,-0.875,-0.805,1
all_1(130),-0.995,-0.964,-0.86,-0.839,-0.789,1
all_1(131),-0.997,-0.975,-0.871,-0.87,-0.804,1
all_1(132),-0.986,-0.91,-0.818,-0.781,-0.767,1
all_1(133),-0.984,-0.886,-0.795,-0.782,-0.752,1
all_1(134),-0.989,-0.886,-0.809,-0.766,-0.833,1
all_1(135),-0.996,-0.943,-0.855,-0.846,-0.83,1
all_1(136),-0.995,-0.957,-0.896,-0.834,-0.826,1
all_1(137),-0.992,-0.97,-0.89,-0.834,-0.8,1
all_1(138),-0.995,-0.968,-0.919,-0.816,-0.79,1
all_1(139),-0.997,-0.974,-0.91,-0.851,-0.861,1
all_1(140),-0.995,-0.967,-0.906,-0.823,-0.859,1
all_1(141),-0.996,-0.967,-0.857,-0.831,-0.81,1
all_1(142),-0.997,-0.966,-0.86,-0.896,-0.825,1
all_1(143),-0.988,-0.89,-0.793,-0.814,-0.815,1
all_1(144),-0.985,-0.806,-0.847,-0.852,-0.831,1
all_1(145),-0.989,-0.886,-0.865,-0.808,-0.786,1
all_1(146),-0.994,-0.947,-0.869,-0.908,-0.846,1
all_1(147),-0.995,-0.965,-0.856,-0.802,-0.837,1
all_1(148),-0.993,-0.973,-0.894,-0.814,-0.843,1
all_1(149),-0.996,-0.975,-0.916,-0.873,-0.817,1
all_1(150),-0.998,-0.977,-0.842,-0.887,-0.862,1
all_1(151),-0.995,-0.976,-0.881,-0.825,-0.835,1
all_1(152),-0.996,-0.961,-0.811,-0.894,-0.816,1
all_1(153),-0.997,-0.956,-0.806,-0.898,-0.815,1
all_1(154),-0.987,-0.825,-0.891,-0.777,-0.813,1
all_1(155),-0.985,-0.868,-0.835,-0.796,-0.822,1
all_1(156),-0.99,-0.913,-0.834,-0.763,-0.841,1
all_1(157),-0.994,-0.962,-0.865,-0.843,-0.824,1
all_1(158),-0.996,-0.969,-0.839,-0.879,-0.768,1
all_1(159),-0.993,-0.973,-0.91,-0.892,-0.786,1
all_1(160),-0.996,-0.974,-0.92,-0.918,-0.784,1
all_1(161),-0.997,-0.972,-0.908,-0.829,-0.803,1
all_1(162),-0.995,-0.973,-0.893,-0.84,-0.811,1
all_1(163),-0.996,-0.967,-0.876,-0.842,-0.829,1
all_1(164),-0.997,-0.964,-0.871,-0.855,-0.825,1
all_1(165),-0.989,-0.88,-0.821,-0.846,-0.805,1
all_1(166),-0.982,-0.871,-0.808,-0.804,-0.8,1
all_1(167),-0.991,-0.91,-0.832,-0.797,-0.805,1
all_1(168),-0.996,-0.954,-0.839,-0.857,-0.863,1
all_1(169),-0.996,-0.961,-0.849,-0.872,-0.805,1
all_1(170),-0.992,-0.978,-0.913,-0.882,-0.829,1
all_1(171),-0.995,-0.974,-0.909,-0.881,-0.847,1
all_1(172),-0.997,-0.969,-0.914,-0.811,-0.797,1
all_1(173),-0.994,-0.97,-0.924,-0.884,-0.828,1
all_1(174),-0.995,-0.958,-0.876,-0.861,-0.807,1
all_1(175),-0.997,-0.967,-0.869,-0.843,-0.841,1
hall_1(0),-0.996,-0.967,-0.907,-0.872,-0.854,1
hall_1(1),-0.995,-0.942,-0.87,-0.847,-0.841,1
hall_1(2),-0.991,-0.957,-0.859,-0.85,-0.799,1
hall_1(3),-0.998,-0.967,-0.872,-0.86,-0.804,1
hall_1(4),-0.998,-0.968,-0.876,-0.845,-0.806,1
hall_1(5),-0.993,-0.956,-0.861,-0.824,-0.815,1
hall_1(6),-0.995,-0.965,-0.851,-0.816,-0.874,1
hall_1(7),-0.997,-0.975,-0.861,-0.868,-0.863,1
hall_1(8),-0.997,-0.977,-0.836,-0.855,-0.872,1
hall_1(9),-0.997,-0.942,-0.826,-0.882,-0.811,1
hall_1(10),-0.986,-0.874,-0.812,-0.847,-0.777,1
hall_1(11),-0.996,-0.966,-0.845,-0.858,-0.817,1
hall_1(12),-0.996,-0.948,-0.804,-0.846,-0.831,1
hall_1(13),-0.989,-0.963,-0.862,-0.812,-0.789,1
hall_1(14),-0.998,-0.973,-0.834,-0.868,-0.827,1
hall_1(15),-0.998,-0.973,-0.867,-0.845,-0.812,1
hall_1(16),-0.995,-0.948,-0.862,-0.816,-0.869,1
hall_1(17),-0.993,-0.962,-0.865,-0.877,-0.796,1
hall_1(18),-0.997,-0.977,-0.906,-0.865,-0.828,1
hall_1(19),-0.997,-0.977,-0.906,-0.872,-0.816,1
hall_1(20),-0.996,-0.948,-0.905,-0.837,-0.812,1
hall_1(21),-0.983,-0.909,-0.861,-0.819,-0.852,1
hall_1(22),-0.996,-0.971,-0.9,-0.858,-0.795,1
hall_1(23),-0.995,-0.947,-0.822,-0.889,-0.776,1
hall_1(24),-0.989,-0.944,-0.826,-0.844,-0.804,1
hall_1(25),-0.998,-0.971,-0.834,-0.866,-0.839,1
hall_1(26),-0.998,-0.975,-0.86,-0.892,-0.849,1
hall_1(27),-0.995,-0.955,-0.882,-0.889,-0.854,1
hall_1(28),-0.994,-0.957,-0.852,-0.898,-0.838,1
hall_1(29),-0.997,-0.975,-0.864,-0.874,-0.848,1
hall_1(30),-0.997,-0.975,-0.86,-0.861,-0.825,1
hall_1(31),-0.995,-0.94,-0.864,-0.864,-0.81,1
hall_1(32),-0.985,-0.898,-0.809,-0.829,-0.837,1
hall_1(33),-0.996,-0.962,-0.889,-0.809,-0.823,1
hall_1(34),-0.996,-0.949,-0.896,-0.851,-0.773,1
hall_1(35),-0.992,-0.946,-0.88,-0.837,-0.796,1
hall_1(36),-0.998,-0.975,-0.841,-0.86,-0.865,1
hall_1(37),-0.998,-0.974,-0.847,-0.892,-0.821,1
hall_1(38),-0.995,-0.964,-0.855,-0.863,-0.805,1
hall_1(39),-0.996,-0.951,-0.834,-0.816,-0.77,1
hall_1(40),-0.997,-0.975,-0.843,-0.885,-0.845,1
hall_1(41),-0.997,-0.976,-0.875,-0.868,-0.846,1
hall_1(42),-0.996,-0.938,-0.83,-0.86,-0.819,1
hall_1(43),-0.987,-0.884,-0.819,-0.859,-0.835,1
hall_1(44),-0.996,-0.964,-0.875,-0.853,-0.786,1
hall_1(45),-0.996,-0.95,-0.844,-0.87,-0.831,1
hall_1(46),-0.987,-0.953,-0.853,-0.853,-0.788,1
hall_1(47),-0.998,-0.971,-0.876,-0.835,-0.874,1
hall_1(48),-0.998,-0.974,-0.914,-0.852,-0.852,1
hall_1(49),-0.995,-0.966,-0.862,-0.839,-0.859,1
hall_1(50),-0.995,-0.964,-0.84,-0.859,-0.821,1
hall_1(51),-0.997,-0.978,-0.874,-0.909,-0.848,1
hall_1(52),-0.997,-0.976,-0.892,-0.887,-0.827,1
hall_1(53),-0.996,-0.94,-0.859,-0.846,-0.837,1
hall_1(54),-0.987,-0.901,-0.818,-0.845,-0.783,1
hall_1(55),-0.996,-0.972,-0.916,-0.826,-0.838,1
hall_1(56),-0.996,-0.955,-0.921,-0.831,-0.754,1
hall_1(57),-0.99,-0.951,-0.803,-0.822,-0.79,1
hall_1(58),-0.998,-0.971,-0.883,-0.799,-0.846,1
hall_1(59),-0.998,-0.97,-0.884,-0.826,-0.838,1
hall_1(60),-0.995,-0.954,-0.894,-0.845,-0.817,1
hall_1(61),-0.995,-0.961,-0.891,-0.799,-0.854,1
hall_1(62),-0.997,-0.972,-0.875,-0.93,-0.816,1
hall_1(63),-0.997,-0.97,-0.895,-0.825,-0.861,1
hall_1(64),-0.995,-0.935,-0.892,-0.832,-0.783,1
hall_1(65),-0.981,-0.884,-0.835,-0.83,-0.815,1
hall_1(66),-0.995,-0.963,-0.933,-0.862,-0.839,1
hall_1(67),-0.995,-0.947,-0.921,-0.803,-0.852,1
hall_1(68),-0.991,-0.956,-0.866,-0.812,-0.815,1
hall_1(69),-0.998,-0.969,-0.884,-0.878,-0.81,1
hall_1(70),-0.998,-0.974,-0.86,-0.883,-0.802,1
hall_1(71),-0.994,-0.946,-0.844,-0.881,-0.827,1
hall_1(72),-0.994,-0.951,-0.86,-0.849,-0.793,1
hall_1(73),-0.997,-0.971,-0.899,-0.874,-0.834,1
hall_1(74),-0.997,-0.971,-0.912,-0.866,-0.837,1
hall_1(75),-0.996,-0.953,-0.861,-0.87,-0.837,1
hall_1(76),-0.983,-0.867,-0.798,-0.844,-0.809,1
hall_1(77),-0.996,-0.971,-0.898,-0.846,-0.838,1
hall_1(78),-0.996,-0.956,-0.909,-0.77,-0.849,1
hall_1(79),-0.988,-0.963,-0.88,-0.784,-0.805,1
hall_1(80),-0.998,-0.964,-0.851,-0.875,-0.84,1
hall_1(81),-0.999,-0.969,-0.848,-0.88,-0.824,1
hall_1(82),-0.993,-0.961,-0.875,-0.857,-0.829,1
hall_1(83),-0.996,-0.96,-0.84,-0.836,-0.782,1
hall_1(84),-0.997,-0.976,-0.885,-0.867,-0.831,1
hall_1(85),-0.997,-0.973,-0.87,-0.904,-0.818,1
hall_1(86),-0.997,-0.928,-0.841,-0.884,-0.811,1
hall_1(87),-0.985,-0.88,-0.802,-0.788,-0.824,1
hall_1(88),-0.995,-0.968,-0.917,-0.873,-0.818,1
hall_1(89),-0.994,-0.941,-0.899,-0.852,-0.82,1
hall_1(90),-0.989,-0.949,-0.884,-0.777,-0.813,1
hall_1(91),-0.998,-0.968,-0.897,-0.864,-0.816,1
hall_1(92),-0.998,-0.968,-0.879,-0.858,-0.836,1
hall_1(93),-0.994,-0.96,-0.86,-0.83,-0.844,1
hall_1(94),-0.996,-0.97,-0.881,-0.844,-0.85,1
hall_1(95),-0.997,-0.971,-0.903,-0.858,-0.831,1
hall_1(96),-0.997,-0.968,-0.886,-0.853,-0.867,1
hall_1(97),-0.996,-0.946,-0.863,-0.848,-0.829,1
hall_1(98),-0.985,-0.914,-0.791,-0.776,-0.768,1
hall_1(99),-0.995,-0.967,-0.856,-0.889,-0.827,1
hall_1(100),-0.995,-0.949,-0.843,-0.891,-0.852,1
hall_1(101),-0.991,-0.96,-0.864,-0.807,-0.782,1
hall_1(102),-0.998,-0.963,-0.852,-0.868,-0.882,1
hall_1(103),-0.998,-0.967,-0.854,-0.878,-0.88,1
hall_1(104),-0.995,-0.956,-0.877,-0.83,-0.884,1
hall_1(105),-0.994,-0.961,-0.888,-0.83,-0.84,1
hall_1(106),-0.997,-0.972,-0.867,-0.878,-0.863,1
hall_1(107),-0.997,-0.972,-0.877,-0.873,-0.836,1
hall_1(108),-0.996,-0.944,-0.82,-0.862,-0.828,1
hall_1(109),-0.988,-0.891,-0.813,-0.765,-0.842,1
hall_1(110),-0.996,-0.968,-0.91,-0.88,-0.854,1
hall_1(111),-0.996,-0.958,-0.921,-0.802,-0.816,1
hall_1(112),-0.989,-0.945,-0.841,-0.832,-0.816,1
hall_1(113),-0.998,-0.968,-0.896,-0.875,-0.824,1
hall_1(114),-0.998,-0.968,-0.884,-0.845,-0.85,1
hall_1(115),-0.993,-0.94,-0.885,-0.843,-0.831,1
hall_1(116),-0.994,-0.951,-0.838,-0.838,-0.864,1
hall_1(117),-0.997,-0.975,-0.883,-0.865,-0.835,1
hall_1(118),-0.997,-0.974,-0.9,-0.861,-0.83,1
hall_1(119),-0.996,-0.941,-0.867,-0.831,-0.792,1
hall_1(120),-0.986,-0.89,-0.795,-0.841,-0.783,1
hall_1(121),-0.995,-0.971,-0.918,-0.855,-0.841,1
hall_1(122),-0.996,-0.959,-0.899,-0.819,-0.84,1
hall_1(123),-0.991,-0.958,-0.799,-0.853,-0.799,1
hall_1(124),-0.998,-0.977,-0.884,-0.822,-0.798,1
hall_1(125),-0.998,-0.969,-0.852,-0.863,-0.814,1
hall_1(126),-0.994,-0.952,-0.851,-0.836,-0.833,1
hall_1(127),-0.995,-0.957,-0.879,-0.84,-0.834,1
hall_1(128),-0.996,-0.975,-0.904,-0.893,-0.853,1
hall_1(129),-0.996,-0.977,-0.884,-0.841,-0.883,1
hall_1(130),-0.995,-0.937,-0.866,-0.82,-0.812,1
hall_1(131),-0.985,-0.908,-0.769,-0.828,-0.809,1
hall_1(132),-0.996,-0.973,-0.859,-0.853,-0.81,1
hall_1(133),-0.996,-0.941,-0.844,-0.855,-0.849,1
hall_1(134),-0.987,-0.938,-0.861,-0.849,-0.797,1
hall_1(135),-0.998,-0.968,-0.848,-0.861,-0.871,1
hall_1(136),-0.998,-0.969,-0.863,-0.888,-0.842,1
hall_1(137),-0.994,-0.948,-0.856,-0.85,-0.837,1
hall_1(138),-0.994,-0.971,-0.864,-0.853,-0.82,1
hall_1(139),-0.997,-0.977,-0.853,-0.885,-0.843,1
hall_1(140),-0.997,-0.972,-0.856,-0.881,-0.815,1
hall_1(141),-0.996,-0.948,-0.847,-0.841,-0.836,1
hall_1(142),-0.985,-0.881,-0.818,-0.774,-0.828,1
hall_1(143),-0.995,-0.972,-0.903,-0.827,-0.862,1
hall_1(144),-0.995,-0.957,-0.896,-0.861,-0.845,1
hall_1(145),-0.992,-0.952,-0.863,-0.818,-0.847,1
hall_1(146),-0.998,-0.966,-0.883,-0.829,-0.845,1
hall_1(147),-0.998,-0.965,-0.881,-0.859,-0.847,1
hall_1(148),-0.993,-0.941,-0.875,-0.861,-0.822,1
hall_1(149),-0.994,-0.968,-0.836,-0.844,-0.858,1
hall_1(150),-0.996,-0.974,-0.845,-0.914,-0.851,1
hall_1(151),-0.997,-0.974,-0.851,-0.891,-0.865,1
hall_1(152),-0.996,-0.953,-0.829,-0.843,-0.826,1
hall_1(153),-0.982,-0.875,-0.747,-0.8,-0.823,1
hall_1(154),-0.996,-0.963,-0.907,-0.869,-0.816,1
hall_1(155),-0.996,-0.951,-0.866,-0.891,-0.793,1
hall_1(156),-0.988,-0.952,-0.845,-0.809,-0.765,1
hall_1(157),-0.998,-0.969,-0.899,-0.835,-0.815,1
hall_1(158),-0.998,-0.964,-0.88,-0.867,-0.841,1
hall_1(159),-0.995,-0.955,-0.911,-0.868,-0.867,1
hall_1(160),-0.995,-0.961,-0.865,-0.886,-0.837,1
hall_1(161),-0.997,-0.971,-0.918,-0.864,-0.855,1
hall_1(162),-0.997,-0.971,-0.903,-0.871,-0.825,1
hall_1(163),-0.996,-0.937,-0.864,-0.81,-0.829,1
hall_1(164),-0.986,-0.903,-0.81,-0.786,-0.828,1
hall_1(165),-0.996,-0.97,-0.921,-0.844,-0.837,1
hall_1(166),-0.995,-0.94,-0.892,-0.86,-0.842,1
hall_1(167),-0.991,-0.961,-0.872,-0.796,-0.803,1
hall_1(168),-0.998,-0.967,-0.855,-0.908,-0.847,1
hall_1(169),-0.998,-0.967,-0.867,-0.882,-0.858,1
hall_1(170),-0.995,-0.965,-0.835,-0.876,-0.839,1
hall_1(171),-0.993,-0.954,-0.883,-0.831,-0.827,1
hall_1(172),-0.997,-0.97,-0.879,-0.873,-0.831,1
hall_1(173),-0.997,-0.97,-0.904,-0.884,-0.829,1
hall_1(174),-0.996,-0.941,-0.902,-0.854,-0.834,1
hall_1(175),-0.983,-0.91,-0.803,-0.805,-0.791,1
all_2(0),-0.995,-0.959,-0.906,-0.845,-0.773,1
all_2(1),-0.995,-0.935,-0.874,-0.847,-0.812,1
all_2(2),-0.995,-0.966,-0.859,-0.795,-0.804,1
all_2(3),-0.993,-0.961,-0.873,-0.801,-0.818,1
all_2(4),-0.992,-0.946,-0.807,-0.826,-0.816,1
all_2(5),-0.995,-0.969,-0.864,-0.862,-0.835,1
all_2(6),-0.996,-0.959,-0.864,-0.89,-0.838,1
all_2(7),-0.995,-0.97,-0.878,-0.858,-0.802,1
all_2(8),-0.991,-0.967,-0.887,-0.828,-0.806,1
all_2(9),-0.991,-0.965,-0.881,-0.795,-0.819,1
all_2(10),-0.996,-0.975,-0.853,-0.894,-0.885,1
all_2(11),-0.995,-0.963,-0.911,-0.869,-0.791,1
all_2(12),-0.995,-0.951,-0.845,-0.89,-0.82,1
all_2(13),-0.994,-0.959,-0.85,-0.836,-0.846,1
all_2(14),-0.992,-0.949,-0.885,-0.848,-0.816,1
all_2(15),-0.991,-0.952,-0.862,-0.837,-0.844,1
all_2(16),-0.996,-0.962,-0.897,-0.852,-0.825,1
all_2(17),-0.995,-0.961,-0.892,-0.841,-0.806,1
all_2(18),-0.995,-0.963,-0.865,-0.846,-0.812,1
all_2(19),-0.992,-0.968,-0.883,-0.876,-0.769,1
all_2(20),-0.993,-0.97,-0.827,-0.853,-0.876,1
all_2(21),-0.996,-0.976,-0.87,-0.842,-0.846,1
all_2(22),-0.996,-0.966,-0.896,-0.82,-0.817,1
all_2(23),-0.995,-0.955,-0.855,-0.86,-0.809,1
all_2(24),-0.997,-0.962,-0.871,-0.805,-0.776,1
all_2(25),-0.994,-0.951,-0.918,-0.799,-0.811,1
all_2(26),-0.993,-0.961,-0.88,-0.833,-0.84,1
all_2(27),-0.996,-0.971,-0.902,-0.863,-0.834,1
all_2(28),-0.996,-0.967,-0.888,-0.872,-0.837,1
all_2(29),-0.994,-0.971,-0.908,-0.868,-0.846,1
all_2(30),-0.991,-0.97,-0.935,-0.835,-0.772,1
all_2(31),-0.993,-0.968,-0.838,-0.843,-0.863,1
all_2(32),-0.995,-0.971,-0.874,-0.835,-0.844,1
all_2(33),-0.996,-0.96,-0.894,-0.877,-0.816,1
all_2(34),-0.996,-0.943,-0.909,-0.826,-0.816,1
all_2(35),-0.993,-0.952,-0.887,-0.855,-0.817,1
all_2(36),-0.994,-0.953,-0.9,-0.836,-0.808,1
all_2(37),-0.992,-0.95,-0.823,-0.849,-0.785,1
all_2(38),-0.996,-0.967,-0.869,-0.861,-0.869,1
all_2(39),-0.995,-0.968,-0.83,-0.853,-0.829,1
all_2(40),-0.993,-0.968,-0.868,-0.81,-0.888,1
all_2(41),-0.992,-0.971,-0.923,-0.854,-0.809,1
all_2(42),-0.993,-0.971,-0.862,-0.875,-0.788,1
all_2(43),-0.995,-0.977,-0.861,-0.897,-0.835,1
all_2(44),-0.995,-0.96,-0.876,-0.849,-0.803,1
all_2(45),-0.995,-0.937,-0.827,-0.851,-0.825,1
all_2(46),-0.995,-0.964,-0.895,-0.856,-0.79,1
all_2(47),-0.992,-0.962,-0.914,-0.825,-0.837,1
all_2(48),-0.994,-0.951,-0.839,-0.823,-0.812,1
all_2(49),-0.996,-0.958,-0.906,-0.852,-0.819,1
all_2(50),-0.996,-0.951,-0.891,-0.876,-0.816,1
all_2(51),-0.995,-0.966,-0.866,-0.86,-0.822,1
all_2(52),-0.993,-0.972,-0.893,-0.807,-0.784,1
all_2(53),-0.991,-0.969,-0.902,-0.806,-0.824,1
all_2(54),-0.995,-0.975,-0.914,-0.859,-0.84,1
all_2(55),-0.996,-0.96,-0.91,-0.873,-0.833,1
all_2(56),-0.996,-0.932,-0.863,-0.867,-0.831,1
all_2(57),-0.995,-0.956,-0.876,-0.853,-0.806,1
all_2(58),-0.995,-0.955,-0.887,-0.847,-0.806,1
all_2(59),-0.994,-0.951,-0.85,-0.865,-0.835,1
all_2(60),-0.996,-0.971,-0.902,-0.83,-0.871,1
all_2(61),-0.995,-0.947,-0.91,-0.867,-0.848,1
all_2(62),-0.993,-0.961,-0.881,-0.904,-0.829,1
all_2(63),-0.993,-0.972,-0.892,-0.827,-0.85,1
all_2(64),-0.992,-0.972,-0.864,-0.843,-0.811,1
all_2(65),-0.995,-0.975,-0.926,-0.862,-0.835,1
all_2(66),-0.996,-0.971,-0.882,-0.841,-0.825,1
all_2(67),-0.995,-0.96,-0.842,-0.86,-0.796,1
all_2(68),-0.994,-0.957,-0.869,-0.875,-0.829,1
all_2(69),-0.994,-0.955,-0.903,-0.828,-0.81,1
all_2(70),-0.993,-0.954,-0.879,-0.846,-0.801,1
all_2(71),-0.996,-0.963,-0.884,-0.822,-0.843,1
all_2(72),-0.996,-0.968,-0.866,-0.833,-0.84,1
all_2(73),-0.994,-0.967,-0.852,-0.861,-0.837,1
all_2(74),-0.992,-0.976,-0.883,-0.808,-0.829,1
all_2(75),-0.992,-0.968,-0.885,-0.831,-0.818,1
all_2(76),-0.996,-0.972,-0.868,-0.863,-0.855,1
all_2(77),-0.996,-0.96,-0.89,-0.807,-0.853,1
all_2(78),-0.996,-0.951,-0.852,-0.86,-0.8,1
all_2(79),-0.995,-0.966,-0.867,-0.841,-0.842,1
all_2(80),-0.993,-0.96,-0.903,-0.822,-0.821,1
all_2(81),-0.993,-0.952,-0.842,-0.791,-0.777,1
all_2(82),-0.995,-0.953,-0.919,-0.847,-0.831,1
all_2(83),-0.995,-0.958,-0.904,-0.842,-0.823,1
all_2(84),-0.994,-0.975,-0.909,-0.803,-0.866,1
all_2(85),-0.992,-0.97,-0.886,-0.81,-0.823,1
all_2(86),-0.994,-0.969,-0.872,-0.796,-0.791,1
all_2(87),-0.995,-0.978,-0.869,-0.828,-0.849,1
all_2(88),-0.996,-0.976,-0.892,-0.813,-0.803,1
all_2(89),-0.996,-0.951,-0.925,-0.838,-0.771,1
all_2(90),-0.995,-0.952,-0.873,-0.879,-0.768,1
all_2(91),-0.993,-0.94,-0.87,-0.851,-0.806,1
all_2(92),-0.993,-0.954,-0.824,-0.81,-0.762,1
all_2(93),-0.995,-0.962,-0.879,-0.863,-0.804,1
all_2(94),-0.996,-0.956,-0.88,-0.858,-0.852,1
all_2(95),-0.995,-0.972,-0.849,-0.871,-0.852,1
all_2(96),-0.992,-0.974,-0.879,-0.799,-0.859,1
all_2(97),-0.992,-0.964,-0.888,-0.804,-0.814,1
all_2(98),-0.995,-0.974,-0.891,-0.846,-0.834,1
all_2(99),-0.995,-0.968,-0.902,-0.849,-0.844,1
all_2(100),-0.996,-0.953,-0.881,-0.813,-0.817,1
all_2(101),-0.997,-0.96,-0.891,-0.82,-0.799,1
all_2(102),-0.994,-0.956,-0.903,-0.802,-0.807,1
all_2(103),-0.993,-0.948,-0.855,-0.831,-0.844,1
all_2(104),-0.996,-0.972,-0.825,-0.909,-0.862,1
all_2(105),-0.996,-0.966,-0.852,-0.893,-0.816,1
all_2(106),-0.995,-0.972,-0.876,-0.863,-0.804,1
all_2(107),-0.993,-0.979,-0.9,-0.805,-0.844,1
all_2(108),-0.992,-0.977,-0.863,-0.852,-0.777,1
all_2(109),-0.995,-0.969,-0.858,-0.854,-0.834,1
all_2(110),-0.994,-0.96,-0.865,-0.861,-0.82,1
all_2(111),-0.996,-0.951,-0.835,-0.858,-0.828,1
all_2(112),-0.997,-0.968,-0.863,-0.867,-0.804,1
all_2(113),-0.993,-0.966,-0.893,-0.798,-0.805,1
all_2(114),-0.992,-0.936,-0.828,-0.838,-0.825,1
all_2(115),-0.995,-0.961,-0.856,-0.915,-0.85,1
all_2(116),-0.995,-0.958,-0.868,-0.868,-0.868,1
all_2(117),-0.994,-0.973,-0.865,-0.856,-0.866,1
all_2(118),-0.993,-0.978,-0.896,-0.828,-0.808,1
all_2(119),-0.993,-0.975,-0.851,-0.882,-0.802,1
all_2(120),-0.996,-0.974,-0.894,-0.802,-0.886,1
all_2(121),-0.995,-0.962,-0.888,-0.869,-0.807,1
all_2(122),-0.996,-0.955,-0.905,-0.844,-0.821,1
all_2(123),-0.995,-0.96,-0.844,-0.872,-0.792,1
all_2(124),-0.994,-0.957,-0.847,-0.874,-0.797,1
all_2(125),-0.993,-0.965,-0.814,-0.815,-0.827,1
all_2(126),-0.996,-0.96,-0.874,-0.841,-0.826,1
all_2(127),-0.997,-0.966,-0.883,-0.883,-0.806,1
all_2(128),-0.995,-0.974,-0.885,-0.83,-0.852,1
all_2(129),-0.993,-0.971,-0.885,-0.814,-0.812,1
all_2(130),-0.99,-0.966,-0.864,-0.815,-0.832,1
all_2(131),-0.995,-0.975,-0.886,-0.894,-0.862,1
all_2(132),-0.996,-0.962,-0.9,-0.827,-0.795,1
all_2(133),-0.996,-0.944,-0.82,-0.794,-0.858,1
all_2(134),-0.995,-0.964,-0.829,-0.882,-0.809,1
all_2(135),-0.99,-0.965,-0.904,-0.84,-0.782,1
all_2(136),-0.992,-0.952,-0.858,-0.814,-0.835,1
all_2(137),-0.995,-0.961,-0.897,-0.849,-0.848,1
all_2(138),-0.996,-0.953,-0.888,-0.866,-0.847,1
all_2(139),-0.995,-0.973,-0.87,-0.854,-0.866,1
all_2(140),-0.993,-0.964,-0.902,-0.78,-0.84,1
all_2(141),-0.993,-0.965,-0.862,-0.82,-0.811,1
all_2(142),-0.995,-0.968,-0.914,-0.843,-0.831,1
all_2(143),-0.995,-0.965,-0.895,-0.853,-0.78,1
all_2(144),-0.996,-0.943,-0.87,-0.844,-0.787,1
all_2(145),-0.995,-0.963,-0.878,-0.814,-0.774,1
all_2(146),-0.993,-0.959,-0.894,-0.827,-0.789,1
all_2(147),-0.991,-0.941,-0.85,-0.853,-0.792,1
all_2(148),-0.996,-0.961,-0.899,-0.861,-0.803,1
all_2(149),-0.996,-0.957,-0.89,-0.841,-0.812,1
all_2(150),-0.996,-0.968,-0.909,-0.842,-0.796,1
all_2(151),-0.993,-0.976,-0.888,-0.823,-0.782,1
all_2(152),-0.992,-0.968,-0.885,-0.808,-0.843,1
all_2(153),-0.995,-0.971,-0.881,-0.868,-0.842,1
all_2(154),-0.995,-0.965,-0.921,-0.831,-0.854,1
all_2(155),-0.996,-0.957,-0.866,-0.838,-0.811,1
all_2(156),-0.995,-0.972,-0.828,-0.886,-0.846,1
all_2(157),-0.994,-0.961,-0.873,-0.808,-0.799,1
all_2(158),-0.993,-0.946,-0.853,-0.82,-0.746,1
all_2(159),-0.996,-0.959,-0.877,-0.857,-0.841,1
all_2(160),-0.995,-0.966,-0.884,-0.848,-0.842,1
all_2(161),-0.993,-0.97,-0.879,-0.866,-0.8,1
all_2(162),-0.994,-0.974,-0.826,-0.889,-0.807,1
all_2(163),-0.994,-0.968,-0.82,-0.911,-0.812,1
all_2(164),-0.996,-0.975,-0.849,-0.836,-0.855,1
all_2(165),-0.996,-0.971,-0.892,-0.83,-0.784,1
all_2(166),-0.996,-0.939,-0.876,-0.827,-0.862,1
all_2(167),-0.995,-0.957,-0.843,-0.853,-0.849,1
all_2(168),-0.993,-0.963,-0.893,-0.806,-0.828,1
all_2(169),-0.994,-0.947,-0.826,-0.883,-0.775,1
all_2(170),-0.995,-0.972,-0.897,-0.865,-0.859,1
all_2(171),-0.996,-0.964,-0.886,-0.843,-0.873,1
all_2(172),-0.995,-0.969,-0.86,-0.874,-0.854,1
all_2(173),-0.992,-0.977,-0.848,-0.882,-0.773,1
all_2(174),-0.992,-0.977,-0.827,-0.862,-0.814,1
all_2(175),-0.995,-0.974,-0.897,-0.838,-0.872,1
br2_1(0),-0.995,-0.957,-0.896,-0.83,-0.828,1
br2_1(1),-0.996,-0.957,-0.898,-0.886,-0.788,1
br2_1(2),-0.992,-0.966,-0.883,-0.84,-0.8,1
br2_1(3),-0.991,-0.973,-0.927,-0.819,-0.871,1
br2_1(4),-0.992,-0.977,-0.949,-0.876,-0.844,1
br2_1(5),-0.995,-0.981,-0.947,-0.87,-0.865,1
br2_1(6),-0.995,-0.972,-0.893,-0.853,-0.818,1
br2_1(7),-0.996,-0.971,-0.878,-0.839,-0.856,1
br2_1(8),-0.996,-0.973,-0.882,-0.839,-0.819,1
br2_1(9),-0.995,-0.965,-0.845,-0.861,-0.802,1
br2_1(10),-0.995,-0.964,-0.91,-0.838,-0.866,1
br2_1(11),-0.995,-0.971,-0.841,-0.866,-0.816,1
br2_1(12),-0.996,-0.975,-0.865,-0.881,-0.839,1
br2_1(13),-0.991,-0.953,-0.875,-0.836,-0.785,1
br2_1(14),-0.991,-0.973,-0.913,-0.832,-0.856,1
br2_1(15),-0.992,-0.977,-0.924,-0.831,-0.83,1
br2_1(16),-0.996,-0.978,-0.929,-0.834,-0.859,1
br2_1(17),-0.996,-0.98,-0.864,-0.83,-0.818,1
br2_1(18),-0.996,-0.972,-0.89,-0.867,-0.815,1
br2_1(19),-0.996,-0.974,-0.901,-0.86,-0.805,1
br2_1(20),-0.995,-0.963,-0.825,-0.853,-0.82,1
br2_1(21),-0.996,-0.964,-0.916,-0.842,-0.85,1
br2_1(22),-0.994,-0.963,-0.896,-0.83,-0.827,1
br2_1(23),-0.995,-0.969,-0.873,-0.83,-0.825,1
br2_1(24),-0.99,-0.96,-0.912,-0.828,-0.766,1
br2_1(25),-0.993,-0.971,-0.892,-0.807,-0.813,1
br2_1(26),-0.992,-0.978,-0.94,-0.792,-0.808,1
br2_1(27),-0.996,-0.979,-0.944,-0.856,-0.844,1
br2_1(28),-0.997,-0.974,-0.883,-0.844,-0.809,1
br2_1(29),-0.996,-0.971,-0.879,-0.864,-0.814,1
br2_1(30),-0.996,-0.968,-0.87,-0.859,-0.802,1
br2_1(31),-0.996,-0.962,-0.859,-0.866,-0.839,1
br2_1(32),-0.994,-0.969,-0.931,-0.857,-0.813,1
br2_1(33),-0.996,-0.969,-0.887,-0.816,-0.802,1
br2_1(34),-0.995,-0.97,-0.884,-0.826,-0.828,1
br2_1(35),-0.991,-0.96,-0.903,-0.834,-0.82,1
br2_1(36),-0.991,-0.973,-0.903,-0.841,-0.828,1
br2_1(37),-0.992,-0.977,-0.934,-0.841,-0.809,1
br2_1(38),-0.995,-0.977,-0.927,-0.873,-0.829,1
br2_1(39),-0.996,-0.973,-0.874,-0.83,-0.842,1
br2_1(40),-0.996,-0.967,-0.909,-0.842,-0.821,1
br2_1(41),-0.996,-0.971,-0.916,-0.858,-0.834,1
br2_1(42),-0.995,-0.975,-0.887,-0.859,-0.834,1
br2_1(43),-0.995,-0.968,-0.9,-0.877,-0.797,1
br2_1(44),-0.994,-0.954,-0.892,-0.778,-0.799,1
br2_1(45),-0.995,-0.97,-0.86,-0.901,-0.78,1
br2_1(46),-0.992,-0.965,-0.851,-0.797,-0.86,1
br2_1(47),-0.992,-0.975,-0.925,-0.789,-0.816,1
br2_1(48),-0.992,-0.98,-0.941,-0.825,-0.827,1
br2_1(49),-0.996,-0.977,-0.938,-0.87,-0.869,1
br2_1(50),-0.996,-0.974,-0.865,-0.866,-0.81,1
br2_1(51),-0.996,-0.972,-0.877,-0.843,-0.802,1
br2_1(52),-0.996,-0.971,-0.89,-0.825,-0.802,1
br2_1(53),-0.996,-0.974,-0.872,-0.828,-0.88,1
br2_1(54),-0.995,-0.96,-0.887,-0.893,-0.799,1
br2_1(55),-0.995,-0.971,-0.882,-0.797,-0.813,1
br2_1(56),-0.995,-0.971,-0.885,-0.868,-0.798,1
br2_1(57),-0.991,-0.957,-0.899,-0.828,-0.798,1
br2_1(58),-0.991,-0.971,-0.913,-0.817,-0.876,1
br2_1(59),-0.992,-0.971,-0.943,-0.848,-0.81,1
br2_1(60),-0.995,-0.973,-0.944,-0.86,-0.871,1
br2_1(61),-0.996,-0.972,-0.87,-0.873,-0.814,1
br2_1(62),-0.996,-0.973,-0.874,-0.889,-0.844,1
br2_1(63),-0.997,-0.978,-0.844,-0.854,-0.845,1
br2_1(64),-0.996,-0.963,-0.891,-0.883,-0.828,1
br2_1(65),-0.995,-0.954,-0.922,-0.873,-0.868,1
br2_1(66),-0.994,-0.967,-0.873,-0.871,-0.809,1
br2_1(67),-0.995,-0.972,-0.868,-0.858,-0.818,1
br2_1(68),-0.992,-0.956,-0.878,-0.82,-0.798,1
br2_1(69),-0.992,-0.979,-0.931,-0.861,-0.788,1
br2_1(70),-0.992,-0.979,-0.939,-0.881,-0.771,1
br2_1(71),-0.996,-0.978,-0.925,-0.89,-0.82,1
br2_1(72),-0.996,-0.976,-0.855,-0.838,-0.828,1
br2_1(73),-0.997,-0.969,-0.865,-0.863,-0.85,1
br2_1(74),-0.997,-0.975,-0.865,-0.796,-0.83,1
br2_1(75),-0.996,-0.967,-0.883,-0.886,-0.757,1
br2_1(76),-0.996,-0.97,-0.91,-0.87,-0.8,1
br2_1(77),-0.995,-0.962,-0.877,-0.806,-0.819,1
br2_1(78),-0.996,-0.975,-0.878,-0.841,-0.815,1
br2_1(79),-0.991,-0.96,-0.891,-0.813,-0.83,1
br2_1(80),-0.991,-0.976,-0.928,-0.807,-0.817,1
br2_1(81),-0.991,-0.976,-0.946,-0.852,-0.825,1
br2_1(82),-0.995,-0.975,-0.938,-0.86,-0.847,1
br2_1(83),-0.995,-0.966,-0.868,-0.808,-0.822,1
br2_1(84),-0.995,-0.971,-0.903,-0.832,-0.855,1
br2_1(85),-0.996,-0.958,-0.852,-0.843,-0.824,1
br2_1(86),-0.996,-0.969,-0.866,-0.8,-0.815,1
br2_1(87),-0.995,-0.966,-0.899,-0.884,-0.836,1
br2_1(88),-0.995,-0.969,-0.924,-0.807,-0.867,1
br2_1(89),-0.995,-0.968,-0.885,-0.878,-0.844,1
br2_1(90),-0.991,-0.964,-0.889,-0.806,-0.823,1
br2_1(91),-0.991,-0.969,-0.921,-0.8,-0.804,1
br2_1(92),-0.992,-0.973,-0.942,-0.837,-0.8,1
br2_1(93),-0.995,-0.98,-0.933,-0.875,-0.836,1
br2_1(94),-0.995,-0.978,-0.849,-0.869,-0.891,1
br2_1(95),-0.996,-0.973,-0.866,-0.861,-0.858,1
br2_1(96),-0.997,-0.977,-0.863,-0.863,-0.84,1
br2_1(97),-0.996,-0.965,-0.87,-0.881,-0.796,1
br2_1(98),-0.995,-0.956,-0.889,-0.815,-0.855,1
br2_1(99),-0.995,-0.968,-0.913,-0.846,-0.8,1
br2_1(100),-0.995,-0.969,-0.861,-0.81,-0.855,1
br2_1(101),-0.991,-0.958,-0.877,-0.794,-0.786,1
br2_1(102),-0.992,-0.965,-0.899,-0.82,-0.803,1
br2_1(103),-0.992,-0.973,-0.936,-0.823,-0.807,1
br2_1(104),-0.995,-0.977,-0.934,-0.864,-0.799,1
br2_1(105),-0.995,-0.968,-0.851,-0.885,-0.859,1
br2_1(106),-0.996,-0.967,-0.866,-0.862,-0.818,1
br2_1(107),-0.997,-0.976,-0.872,-0.841,-0.792,1
br2_1(108),-0.995,-0.971,-0.85,-0.818,-0.83,1
br2_1(109),-0.996,-0.961,-0.898,-0.851,-0.857,1
br2_1(110),-0.996,-0.967,-0.885,-0.819,-0.819,1
br2_1(111),-0.996,-0.967,-0.885,-0.85,-0.817,1
br2_1(112),-0.993,-0.961,-0.846,-0.808,-0.812,1
br2_1(113),-0.993,-0.972,-0.898,-0.796,-0.784,1
br2_1(114),-0.992,-0.979,-0.926,-0.826,-0.789,1
br2_1(115),-0.995,-0.976,-0.923,-0.851,-0.805,1
br2_1(116),-0.995,-0.974,-0.826,-0.866,-0.849,1
br2_1(117),-0.996,-0.973,-0.876,-0.844,-0.838,1
br2_1(118),-0.997,-0.97,-0.867,-0.786,-0.87,1
br2_1(119),-0.996,-0.975,-0.859,-0.863,-0.837,1
br2_1(120),-0.995,-0.969,-0.916,-0.88,-0.791,1
br2_1(121),-0.995,-0.96,-0.911,-0.845,-0.789,1
br2_1(122),-0.995,-0.965,-0.873,-0.864,-0.818,1
br2_1(123),-0.992,-0.957,-0.904,-0.823,-0.784,1
br2_1(124),-0.993,-0.972,-0.881,-0.789,-0.774,1
br2_1(125),-0.993,-0.974,-0.935,-0.795,-0.805,1
br2_1(126),-0.995,-0.974,-0.93,-0.893,-0.828,1
br2_1(127),-0.995,-0.972,-0.845,-0.867,-0.805,1
br2_1(128),-0.996,-0.973,-0.841,-0.879,-0.816,1
br2_1(129),-0.997,-0.977,-0.868,-0.811,-0.842,1
br2_1(130),-0.994,-0.974,-0.904,-0.831,-0.829,1
br2_1(131),-0.994,-0.961,-0.871,-0.874,-0.799,1
br2_1(132),-0.994,-0.972,-0.927,-0.861,-0.844,1
br2_1(133),-0.994,-0.968,-0.898,-0.851,-0.794,1
br2_1(134),-0.991,-0.954,-0.896,-0.791,-0.792,1
br2_1(135),-0.993,-0.97,-0.927,-0.796,-0.843,1
br2_1(136),-0.991,-0.976,-0.948,-0.897,-0.847,1
br2_1(137),-0.995,-0.977,-0.935,-0.868,-0.802,1
br2_1(138),-0.994,-0.972,-0.891,-0.813,-0.787,1
br2_1(139),-0.996,-0.974,-0.89,-0.848,-0.821,1
br2_1(140),-0.997,-0.971,-0.894,-0.795,-0.849,1
br2_1(141),-0.996,-0.968,-0.862,-0.819,-0.858,1
br2_1(142),-0.995,-0.961,-0.896,-0.841,-0.848,1
br2_1(143),-0.995,-0.958,-0.91,-0.817,-0.806,1
br2_1(144),-0.995,-0.97,-0.919,-0.795,-0.81,1
br2_1(145),-0.992,-0.972,-0.879,-0.78,-0.81,1
br2_1(146),-0.991,-0.972,-0.917,-0.803,-0.815,1
br2_1(147),-0.991,-0.978,-0.941,-0.797,-0.836,1
br2_1(148),-0.996,-0.977,-0.94,-0.866,-0.846,1
br2_1(149),-0.996,-0.974,-0.824,-0.862,-0.826,1
br2_1(150),-0.996,-0.97,-0.862,-0.867,-0.823,1
br2_1(151),-0.996,-0.967,-0.886,-0.869,-0.831,1
br2_1(152),-0.995,-0.961,-0.899,-0.856,-0.827,1
br2_1(153),-0.995,-0.959,-0.908,-0.869,-0.827,1
br2_1(154),-0.995,-0.962,-0.893,-0.778,-0.836,1
br2_1(155),-0.996,-0.973,-0.9,-0.861,-0.8,1
br2_1(156),-0.991,-0.961,-0.893,-0.836,-0.819,1
br2_1(157),-0.989,-0.971,-0.894,-0.844,-0.812,1
br2_1(158),-0.993,-0.975,-0.925,-0.879,-0.825,1
br2_1(159),-0.996,-0.978,-0.929,-0.887,-0.853,1
br2_1(160),-0.996,-0.974,-0.872,-0.851,-0.834,1
br2_1(161),-0.997,-0.965,-0.875,-0.853,-0.822,1
br2_1(162),-0.996,-0.971,-0.873,-0.834,-0.807,1
br2_1(163),-0.995,-0.972,-0.902,-0.808,-0.833,1
br2_1(164),-0.995,-0.966,-0.912,-0.855,-0.81,1
br2_1(165),-0.995,-0.965,-0.858,-0.857,-0.817,1
br2_1(166),-0.995,-0.973,-0.898,-0.832,-0.859,1
br2_1(167),-0.992,-0.966,-0.875,-0.832,-0.824,1
br2_1(168),-0.991,-0.97,-0.904,-0.837,-0.818,1
br2_1(169),-0.992,-0.976,-0.941,-0.845,-0.855,1
br2_1(170),-0.995,-0.978,-0.936,-0.865,-0.841,1
br2_1(171),-0.995,-0.972,-0.878,-0.829,-0.811,1
br2_1(172),-0.997,-0.977,-0.923,-0.846,-0.831,1
br2_1(173),-0.997,-0.976,-0.886,-0.818,-0.811,1
br2_1(174),-0.995,-0.972,-0.855,-0.852,-0.843,1
br2_1(175),-0.994,-0.959,-0.903,-0.824,-0.835,1
hall_2(0),-0.992,-0.911,-0.862,-0.788,-0.829,1
hall_2(1),-0.989,-0.904,-0.84,-0.868,-0.822,1
hall_2(2),-0.993,-0.956,-0.877,-0.799,-0.836,1
hall_2(3),-0.995,-0.955,-0.914,-0.817,-0.799,1
hall_2(4),-0.994,-0.952,-0.893,-0.803,-0.855,1
hall_2(5),-0.993,-0.968,-0.815,-0.89,-0.866,1
hall_2(6),-0.997,-0.963,-0.845,-0.895,-0.839,1
hall_2(7),-0.997,-0.976,-0.902,-0.877,-0.837,1
hall_2(8),-0.994,-0.977,-0.872,-0.842,-0.826,1
hall_2(9),-0.987,-0.899,-0.802,-0.844,-0.794,1
hall_2(10),-0.995,-0.948,-0.88,-0.823,-0.822,1
hall_2(11),-0.989,-0.905,-0.836,-0.818,-0.805,1
hall_2(12),-0.988,-0.933,-0.813,-0.853,-0.801,1
hall_2(13),-0.992,-0.939,-0.877,-0.793,-0.818,1
hall_2(14),-0.995,-0.939,-0.882,-0.837,-0.818,1
hall_2(15),-0.995,-0.966,-0.865,-0.84,-0.854,1
hall_2(16),-0.992,-0.96,-0.881,-0.807,-0.832,1
hall_2(17),-0.996,-0.962,-0.893,-0.845,-0.837,1
hall_2(18),-0.996,-0.977,-0.889,-0.874,-0.853,1
hall_2(19),-0.994,-0.976,-0.868,-0.845,-0.815,1
hall_2(20),-0.989,-0.927,-0.829,-0.79,-0.812,1
hall_2(21),-0.994,-0.957,-0.853,-0.842,-0.819,1
hall_2(22),-0.99,-0.89,-0.855,-0.829,-0.819,1
hall_2(23),-0.988,-0.914,-0.827,-0.804,-0.824,1
hall_2(24),-0.993,-0.961,-0.845,-0.876,-0.802,1
hall_2(25),-0.995,-0.964,-0.873,-0.8,-0.841,1
hall_2(26),-0.992,-0.964,-0.895,-0.832,-0.867,1
hall_2(27),-0.989,-0.962,-0.88,-0.902,-0.824,1
hall_2(28),-0.996,-0.966,-0.903,-0.865,-0.883,1
hall_2(29),-0.996,-0.977,-0.894,-0.868,-0.876,1
hall_2(30),-0.994,-0.975,-0.853,-0.857,-0.838,1
hall_2(31),-0.991,-0.903,-0.826,-0.857,-0.799,1
hall_2(32),-0.993,-0.956,-0.905,-0.833,-0.843,1
hall_2(33),-0.991,-0.92,-0.818,-0.793,-0.853,1
hall_2(34),-0.99,-0.912,-0.813,-0.812,-0.789,1
hall_2(35),-0.993,-0.952,-0.883,-0.832,-0.786,1
hall_2(36),-0.994,-0.952,-0.897,-0.788,-0.807,1
hall_2(37),-0.993,-0.965,-0.891,-0.8,-0.789,1
hall_2(38),-0.993,-0.965,-0.871,-0.844,-0.782,1
hall_2(39),-0.996,-0.965,-0.907,-0.847,-0.874,1
hall_2(40),-0.996,-0.972,-0.897,-0.864,-0.81,1
hall_2(41),-0.994,-0.976,-0.863,-0.816,-0.855,1
hall_2(42),-0.991,-0.895,-0.831,-0.853,-0.826,1
hall_2(43),-0.995,-0.943,-0.835,-0.849,-0.81,1
hall_2(44),-0.988,-0.897,-0.834,-0.839,-0.804,1
hall_2(45),-0.991,-0.921,-0.84,-0.791,-0.75,1
hall_2(46),-0.993,-0.96,-0.853,-0.834,-0.813,1
hall_2(47),-0.995,-0.959,-0.86,-0.865,-0.819,1
hall_2(48),-0.995,-0.963,-0.883,-0.849,-0.817,1
hall_2(49),-0.993,-0.969,-0.863,-0.865,-0.853,1
hall_2(50),-0.996,-0.956,-0.891,-0.867,-0.864,1
hall_2(51),-0.996,-0.974,-0.91,-0.826,-0.852,1
hall_2(52),-0.994,-0.975,-0.806,-0.895,-0.827,1
hall_2(53),-0.989,-0.933,-0.817,-0.804,-0.764,1
hall_2(54),-0.993,-0.946,-0.838,-0.846,-0.808,1
hall_2(55),-0.989,-0.903,-0.86,-0.814,-0.824,1
hall_2(56),-0.99,-0.933,-0.824,-0.861,-0.805,1
hall_2(57),-0.992,-0.961,-0.878,-0.873,-0.789,1
hall_2(58),-0.994,-0.967,-0.888,-0.847,-0.828,1
hall_2(59),-0.995,-0.96,-0.887,-0.875,-0.825,1
hall_2(60),-0.992,-0.966,-0.894,-0.861,-0.777,1
hall_2(61),-0.996,-0.963,-0.9,-0.856,-0.855,1
hall_2(62),-0.996,-0.977,-0.892,-0.85,-0.832,1
hall_2(63),-0.994,-0.977,-0.796,-0.843,-0.83,1
hall_2(64),-0.991,-0.925,-0.844,-0.816,-0.873,1
hall_2(65),-0.994,-0.95,-0.9,-0.859,-0.82,1
hall_2(66),-0.99,-0.902,-0.867,-0.822,-0.808,1
hall_2(67),-0.991,-0.925,-0.887,-0.813,-0.806,1
hall_2(68),-0.993,-0.954,-0.888,-0.843,-0.802,1
hall_2(69),-0.995,-0.961,-0.868,-0.826,-0.807,1
hall_2(70),-0.994,-0.967,-0.817,-0.9,-0.823,1
hall_2(71),-0.992,-0.971,-0.863,-0.895,-0.861,1
hall_2(72),-0.996,-0.954,-0.893,-0.888,-0.834,1
hall_2(73),-0.996,-0.978,-0.908,-0.894,-0.804,1
hall_2(74),-0.994,-0.979,-0.826,-0.844,-0.836,1
hall_2(75),-0.989,-0.892,-0.845,-0.832,-0.792,1
hall_2(76),-0.995,-0.964,-0.845,-0.884,-0.834,1
hall_2(77),-0.988,-0.922,-0.873,-0.789,-0.764,1
hall_2(78),-0.985,-0.921,-0.871,-0.777,-0.816,1
hall_2(79),-0.992,-0.947,-0.859,-0.82,-0.846,1
hall_2(80),-0.994,-0.945,-0.873,-0.846,-0.809,1
hall_2(81),-0.994,-0.961,-0.898,-0.837,-0.84,1
hall_2(82),-0.993,-0.966,-0.89,-0.874,-0.805,1
hall_2(83),-0.996,-0.956,-0.897,-0.873,-0.801,1
hall_2(84),-0.996,-0.972,-0.909,-0.88,-0.856,1
hall_2(85),-0.995,-0.975,-0.846,-0.892,-0.84,1
hall_2(86),-0.987,-0.91,-0.867,-0.785,-0.799,1
hall_2(87),-0.993,-0.968,-0.832,-0.849,-0.845,1
hall_2(88),-0.989,-0.898,-0.819,-0.846,-0.797,1
hall_2(89),-0.989,-0.927,-0.847,-0.828,-0.783,1
hall_2(90),-0.993,-0.957,-0.84,-0.782,-0.818,1
hall_2(91),-0.994,-0.942,-0.879,-0.866,-0.796,1
hall_2(92),-0.993,-0.955,-0.888,-0.868,-0.799,1
hall_2(93),-0.991,-0.973,-0.889,-0.838,-0.794,1
hall_2(94),-0.997,-0.971,-0.903,-0.858,-0.841,1
hall_2(95),-0.996,-0.974,-0.918,-0.838,-0.864,1
hall_2(96),-0.993,-0.974,-0.851,-0.808,-0.856,1
hall_2(97),-0.987,-0.928,-0.825,-0.798,-0.792,1
hall_2(98),-0.994,-0.956,-0.856,-0.863,-0.833,1
hall_2(99),-0.99,-0.913,-0.861,-0.824,-0.822,1
hall_2(100),-0.985,-0.924,-0.821,-0.765,-0.824,1
hall_2(101),-0.989,-0.958,-0.884,-0.819,-0.798,1
hall_2(102),-0.993,-0.95,-0.869,-0.81,-0.82,1
hall_2(103),-0.995,-0.97,-0.856,-0.883,-0.816,1
hall_2(104),-0.993,-0.968,-0.89,-0.824,-0.839,1
hall_2(105),-0.997,-0.962,-0.896,-0.869,-0.864,1
hall_2(106),-0.997,-0.976,-0.912,-0.87,-0.89,1
hall_2(107),-0.994,-0.976,-0.882,-0.868,-0.852,1
hall_2(108),-0.986,-0.907,-0.817,-0.865,-0.781,1
hall_2(109),-0.995,-0.96,-0.843,-0.859,-0.84,1
hall_2(110),-0.989,-0.909,-0.837,-0.843,-0.808,1
hall_2(111),-0.991,-0.943,-0.834,-0.812,-0.783,1
hall_2(112),-0.993,-0.95,-0.859,-0.806,-0.813,1
hall_2(113),-0.994,-0.939,-0.829,-0.863,-0.829,1
hall_2(114),-0.993,-0.956,-0.892,-0.828,-0.845,1
hall_2(115),-0.993,-0.966,-0.906,-0.817,-0.801,1
hall_2(116),-0.996,-0.963,-0.904,-0.857,-0.863,1
hall_2(117),-0.996,-0.977,-0.924,-0.851,-0.807,1
hall_2(118),-0.994,-0.98,-0.87,-0.776,-0.825,1
hall_2(119),-0.989,-0.905,-0.827,-0.805,-0.804,1
hall_2(120),-0.994,-0.956,-0.842,-0.853,-0.815,1
hall_2(121),-0.99,-0.908,-0.856,-0.825,-0.848,1
hall_2(122),-0.987,-0.93,-0.848,-0.848,-0.784,1
hall_2(123),-0.994,-0.965,-0.84,-0.788,-0.823,1
hall_2(124),-0.995,-0.96,-0.872,-0.815,-0.812,1
hall_2(125),-0.994,-0.963,-0.918,-0.823,-0.855,1
hall_2(126),-0.993,-0.961,-0.878,-0.819,-0.835,1
hall_2(127),-0.996,-0.961,-0.905,-0.847,-0.812,1
hall_2(128),-0.996,-0.976,-0.917,-0.845,-0.832,1
hall_2(129),-0.995,-0.978,-0.85,-0.798,-0.875,1
hall_2(130),-0.989,-0.864,-0.819,-0.82,-0.789,1
hall_2(131),-0.995,-0.956,-0.865,-0.87,-0.84,1
hall_2(132),-0.988,-0.905,-0.817,-0.806,-0.834,1
hall_2(133),-0.991,-0.934,-0.859,-0.833,-0.82,1
hall_2(134),-0.992,-0.958,-0.88,-0.842,-0.806,1
hall_2(135),-0.994,-0.953,-0.898,-0.846,-0.845,1
hall_2(136),-0.994,-0.965,-0.874,-0.857,-0.85,1
hall_2(137),-0.992,-0.969,-0.83,-0.852,-0.85,1
hall_2(138),-0.996,-0.963,-0.889,-0.853,-0.804,1
hall_2(139),-0.997,-0.976,-0.884,-0.919,-0.804,1
hall_2(140),-0.994,-0.976,-0.847,-0.847,-0.821,1
hall_2(141),-0.988,-0.918,-0.843,-0.822,-0.808,1
hall_2(142),-0.994,-0.964,-0.889,-0.794,-0.856,1
hall_2(143),-0.99,-0.909,-0.836,-0.824,-0.825,1
hall_2(144),-0.989,-0.927,-0.817,-0.875,-0.816,1
hall_2(145),-0.991,-0.961,-0.881,-0.818,-0.794,1
hall_2(146),-0.995,-0.961,-0.859,-0.882,-0.82,1
hall_2(147),-0.994,-0.967,-0.833,-0.861,-0.844,1
hall_2(148),-0.992,-0.965,-0.867,-0.905,-0.832,1
hall_2(149),-0.996,-0.97,-0.888,-0.872,-0.855,1
hall_2(150),-0.997,-0.98,-0.91,-0.855,-0.878,1
hall_2(151),-0.995,-0.979,-0.829,-0.847,-0.816,1
hall_2(152),-0.986,-0.924,-0.786,-0.799,-0.808,1
hall_2(153),-0.994,-0.972,-0.858,-0.855,-0.81,1
hall_2(154),-0.989,-0.93,-0.828,-0.796,-0.813,1
hall_2(155),-0.99,-0.922,-0.857,-0.799,-0.847,1
hall_2(156),-0.992,-0.958,-0.83,-0.849,-0.809,1
hall_2(157),-0.993,-0.953,-0.885,-0.83,-0.834,1
hall_2(158),-0.994,-0.958,-0.869,-0.877,-0.82,1
hall_2(159),-0.992,-0.965,-0.833,-0.867,-0.833,1
hall_2(160),-0.996,-0.958,-0.896,-0.857,-0.839,1
hall_2(161),-0.996,-0.973,-0.938,-0.881,-0.819,1
hall_2(162),-0.994,-0.977,-0.872,-0.836,-0.848,1
hall_2(163),-0.99,-0.909,-0.842,-0.809,-0.832,1
hall_2(164),-0.994,-0.957,-0.851,-0.807,-0.808,1
hall_2(165),-0.99,-0.908,-0.853,-0.786,-0.824,1
hall_2(166),-0.99,-0.941,-0.8,-0.839,-0.827,1
hall_2(167),-0.992,-0.96,-0.863,-0.825,-0.78,1
hall_2(168),-0.994,-0.962,-0.882,-0.815,-0.8,1
hall_2(169),-0.994,-0.967,-0.87,-0.855,-0.839,1
hall_2(170),-0.99,-0.971,-0.885,-0.813,-0.814,1
hall_2(171),-0.996,-0.954,-0.856,-0.906,-0.865,1
hall_2(172),-0.997,-0.975,-0.887,-0.907,-0.872,1
hall_2(173),-0.995,-0.978,-0.862,-0.839,-0.8,1
hall_2(174),-0.989,-0.908,-0.803,-0.855,-0.799,1
hall_2(175),-0.995,-0.963,-0.882,-0.844,-0.828,1
br2_2(0),-0.991,-0.976,-0.879,-0.822,-0.822,1
br2_2(1),-0.993,-0.977,-0.871,-0.832,-0.802,1
br2_2(2),-0.994,-0.974,-0.855,-0.827,-0.818,1
br2_2(3),-0.996,-0.967,-0.883,-0.842,-0.88,1
br2_2(4),-0.995,-0.962,-0.883,-0.885,-0.805,1
br2_2(5),-0.995,-0.966,-0.904,-0.833,-0.884,1
br2_2(6),-0.991,-0.969,-0.871,-0.856,-0.822,1
br2_2(7),-0.993,-0.971,-0.87,-0.846,-0.798,1
br2_2(8),-0.998,-0.972,-0.91,-0.833,-0.874,1
br2_2(9),-0.998,-0.968,-0.867,-0.816,-0.829,1
br2_2(10),-0.997,-0.97,-0.835,-0.818,-0.784,1
br2_2(11),-0.992,-0.974,-0.895,-0.825,-0.794,1
br2_2(12),-0.993,-0.973,-0.881,-0.817,-0.823,1
br2_2(13),-0.994,-0.971,-0.874,-0.844,-0.821,1
br2_2(14),-0.996,-0.977,-0.877,-0.879,-0.787,1
br2_2(15),-0.994,-0.97,-0.874,-0.886,-0.821,1
br2_2(16),-0.995,-0.97,-0.88,-0.859,-0.792,1
br2_2(17),-0.993,-0.975,-0.878,-0.82,-0.817,1
br2_2(18),-0.994,-0.975,-0.876,-0.816,-0.809,1
br2_2(19),-0.998,-0.97,-0.904,-0.855,-0.827,1
br2_2(20),-0.997,-0.957,-0.826,-0.849,-0.836,1
br2_2(21),-0.997,-0.964,-0.822,-0.833,-0.817,1
br2_2(22),-0.993,-0.976,-0.87,-0.811,-0.799,1
br2_2(23),-0.994,-0.972,-0.881,-0.792,-0.808,1
br2_2(24),-0.994,-0.968,-0.89,-0.817,-0.827,1
br2_2(25),-0.996,-0.974,-0.887,-0.84,-0.795,1
br2_2(26),-0.994,-0.968,-0.902,-0.854,-0.824,1
br2_2(27),-0.994,-0.968,-0.877,-0.83,-0.869,1
br2_2(28),-0.993,-0.974,-0.865,-0.818,-0.818,1
br2_2(29),-0.993,-0.977,-0.912,-0.85,-0.834,1
br2_2(30),-0.998,-0.977,-0.889,-0.834,-0.856,1
br2_2(31),-0.997,-0.97,-0.85,-0.867,-0.792,1
br2_2(32),-0.996,-0.971,-0.842,-0.843,-0.806,1
br2_2(33),-0.993,-0.974,-0.817,-0.856,-0.857,1
br2_2(34),-0.994,-0.977,-0.901,-0.818,-0.793,1
br2_2(35),-0.994,-0.972,-0.921,-0.852,-0.846,1
br2_2(36),-0.997,-0.973,-0.872,-0.807,-0.843,1
br2_2(37),-0.995,-0.969,-0.906,-0.857,-0.824,1
br2_2(38),-0.995,-0.969,-0.906,-0.82,-0.829,1
br2_2(39),-0.993,-0.97,-0.909,-0.835,-0.8,1
br2_2(40),-0.995,-0.968,-0.923,-0.849,-0.811,1
br2_2(41),-0.998,-0.966,-0.857,-0.848,-0.818,1
br2_2(42),-0.998,-0.972,-0.85,-0.886,-0.849,1
br2_2(43),-0.997,-0.973,-0.855,-0.822,-0.829,1
br2_2(44),-0.992,-0.976,-0.896,-0.787,-0.834,1
br2_2(45),-0.993,-0.979,-0.921,-0.828,-0.775,1
br2_2(46),-0.994,-0.978,-0.917,-0.856,-0.816,1
br2_2(47),-0.997,-0.975,-0.868,-0.863,-0.821,1
br2_2(48),-0.994,-0.971,-0.865,-0.86,-0.893,1
br2_2(49),-0.994,-0.976,-0.9,-0.848,-0.849,1
br2_2(50),-0.992,-0.973,-0.88,-0.811,-0.85,1
br2_2(51),-0.994,-0.973,-0.884,-0.823,-0.824,1
br2_2(52),-0.998,-0.97,-0.876,-0.855,-0.838,1
br2_2(53),-0.998,-0.971,-0.839,-0.91,-0.862,1
br2_2(54),-0.997,-0.97,-0.813,-0.863,-0.876,1
br2_2(55),-0.991,-0.978,-0.878,-0.798,-0.851,1
br2_2(56),-0.993,-0.974,-0.896,-0.776,-0.828,1
br2_2(57),-0.994,-0.97,-0.903,-0.785,-0.814,1
br2_2(58),-0.997,-0.979,-0.885,-0.882,-0.833,1
br2_2(59),-0.996,-0.974,-0.924,-0.854,-0.812,1
br2_2(60),-0.995,-0.973,-0.915,-0.841,-0.83,1
br2_2(61),-0.993,-0.976,-0.902,-0.801,-0.807,1
br2_2(62),-0.995,-0.972,-0.897,-0.829,-0.805,1
br2_2(63),-0.998,-0.964,-0.85,-0.867,-0.823,1
br2_2(64),-0.998,-0.951,-0.859,-0.868,-0.798,1
br2_2(65),-0.997,-0.967,-0.845,-0.8,-0.823,1
br2_2(66),-0.992,-0.977,-0.911,-0.818,-0.824,1
br2_2(67),-0.993,-0.978,-0.909,-0.836,-0.827,1
br2_2(68),-0.993,-0.977,-0.912,-0.836,-0.841,1
br2_2(69),-0.996,-0.971,-0.9,-0.83,-0.8,1
br2_2(70),-0.994,-0.977,-0.886,-0.865,-0.807,1
br2_2(71),-0.993,-0.97,-0.878,-0.864,-0.838,1
br2_2(72),-0.993,-0.972,-0.853,-0.871,-0.853,1
br2_2(73),-0.994,-0.97,-0.884,-0.84,-0.807,1
br2_2(74),-0.998,-0.966,-0.852,-0.893,-0.852,1
br2_2(75),-0.998,-0.965,-0.859,-0.844,-0.818,1
br2_2(76),-0.997,-0.968,-0.837,-0.806,-0.851,1
br2_2(77),-0.992,-0.973,-0.888,-0.812,-0.802,1
br2_2(78),-0.993,-0.971,-0.897,-0.807,-0.849,1
br2_2(79),-0.995,-0.971,-0.807,-0.856,-0.878,1
br2_2(80),-0.996,-0.974,-0.848,-0.805,-0.804,1
br2_2(81),-0.995,-0.969,-0.915,-0.838,-0.802,1
br2_2(82),-0.995,-0.968,-0.894,-0.836,-0.834,1
br2_2(83),-0.993,-0.972,-0.879,-0.816,-0.785,1
br2_2(84),-0.995,-0.971,-0.895,-0.841,-0.815,1
br2_2(85),-0.998,-0.971,-0.87,-0.846,-0.87,1
br2_2(86),-0.998,-0.966,-0.895,-0.806,-0.799,1
br2_2(87),-0.997,-0.97,-0.845,-0.841,-0.789,1
br2_2(88),-0.992,-0.978,-0.909,-0.823,-0.85,1
br2_2(89),-0.994,-0.979,-0.91,-0.81,-0.804,1
br2_2(90),-0.995,-0.978,-0.908,-0.782,-0.849,1
br2_2(91),-0.997,-0.976,-0.871,-0.842,-0.825,1
br2_2(92),-0.995,-0.978,-0.895,-0.851,-0.821,1
br2_2(93),-0.994,-0.971,-0.884,-0.852,-0.851,1
br2_2(94),-0.991,-0.976,-0.907,-0.811,-0.865,1
br2_2(95),-0.993,-0.968,-0.895,-0.846,-0.811,1
br2_2(96),-0.998,-0.971,-0.888,-0.812,-0.871,1
br2_2(97),-0.998,-0.957,-0.864,-0.829,-0.816,1
br2_2(98),-0.997,-0.971,-0.852,-0.823,-0.824,1
br2_2(99),-0.993,-0.972,-0.856,-0.858,-0.83,1
br2_2(100),-0.994,-0.977,-0.872,-0.846,-0.785,1
br2_2(101),-0.994,-0.975,-0.88,-0.829,-0.814,1
br2_2(102),-0.996,-0.974,-0.888,-0.825,-0.861,1
br2_2(103),-0.995,-0.965,-0.927,-0.864,-0.812,1
br2_2(104),-0.994,-0.971,-0.889,-0.834,-0.842,1
br2_2(105),-0.992,-0.974,-0.903,-0.835,-0.81,1
br2_2(106),-0.994,-0.97,-0.904,-0.865,-0.799,1
br2_2(107),-0.998,-0.969,-0.883,-0.878,-0.838,1
br2_2(108),-0.998,-0.967,-0.878,-0.889,-0.796,1
br2_2(109),-0.998,-0.974,-0.869,-0.878,-0.771,1
br2_2(110),-0.991,-0.975,-0.882,-0.805,-0.802,1
br2_2(111),-0.995,-0.978,-0.87,-0.82,-0.838,1
br2_2(112),-0.995,-0.979,-0.859,-0.804,-0.836,1
br2_2(113),-0.996,-0.971,-0.841,-0.853,-0.802,1
br2_2(114),-0.994,-0.971,-0.843,-0.855,-0.824,1
br2_2(115),-0.995,-0.967,-0.871,-0.814,-0.842,1
br2_2(116),-0.992,-0.972,-0.891,-0.815,-0.835,1
br2_2(117),-0.994,-0.967,-0.886,-0.869,-0.826,1
br2_2(118),-0.998,-0.971,-0.878,-0.821,-0.881,1
br2_2(119),-0.998,-0.968,-0.889,-0.84,-0.776,1
br2_2(120),-0.997,-0.971,-0.869,-0.813,-0.778,1
br2_2(121),-0.992,-0.975,-0.893,-0.806,-0.837,1
br2_2(122),-0.992,-0.974,-0.872,-0.842,-0.82,1
br2_2(123),-0.992,-0.975,-0.86,-0.797,-0.83,1
br2_2(124),-0.994,-0.974,-0.865,-0.844,-0.797,1
br2_2(125),-0.994,-0.979,-0.883,-0.834,-0.829,1
br2_2(126),-0.993,-0.969,-0.839,-0.838,-0.84,1
br2_2(127),-0.992,-0.97,-0.853,-0.829,-0.811,1
br2_2(128),-0.995,-0.965,-0.886,-0.828,-0.789,1
br2_2(129),-0.998,-0.964,-0.902,-0.837,-0.832,1
br2_2(130),-0.997,-0.961,-0.878,-0.857,-0.795,1
br2_2(131),-0.997,-0.975,-0.871,-0.854,-0.829,1
br2_2(132),-0.992,-0.973,-0.87,-0.824,-0.838,1
br2_2(133),-0.993,-0.977,-0.851,-0.823,-0.858,1
br2_2(134),-0.994,-0.976,-0.879,-0.787,-0.862,1
br2_2(135),-0.996,-0.974,-0.89,-0.828,-0.833,1
br2_2(136),-0.996,-0.977,-0.909,-0.864,-0.808,1
br2_2(137),-0.995,-0.971,-0.873,-0.842,-0.833,1
br2_2(138),-0.995,-0.974,-0.869,-0.83,-0.774,1
br2_2(139),-0.995,-0.971,-0.88,-0.844,-0.819,1
br2_2(140),-0.998,-0.969,-0.882,-0.867,-0.826,1
br2_2(141),-0.998,-0.972,-0.838,-0.856,-0.846,1
br2_2(142),-0.997,-0.974,-0.825,-0.864,-0.787,1
br2_2(143),-0.993,-0.976,-0.859,-0.811,-0.81,1
br2_2(144),-0.993,-0.978,-0.914,-0.785,-0.834,1
br2_2(145),-0.994,-0.976,-0.913,-0.813,-0.8,1
br2_2(146),-0.997,-0.976,-0.902,-0.839,-0.8,1
br2_2(147),-0.995,-0.974,-0.883,-0.83,-0.882,1
br2_2(148),-0.995,-0.97,-0.906,-0.813,-0.874,1
br2_2(149),-0.993,-0.973,-0.899,-0.798,-0.841,1
br2_2(150),-0.994,-0.973,-0.887,-0.862,-0.84,1
br2_2(151),-0.998,-0.973,-0.894,-0.861,-0.848,1
br2_2(152),-0.998,-0.971,-0.864,-0.9,-0.802,1
br2_2(153),-0.997,-0.975,-0.849,-0.885,-0.815,1
br2_2(154),-0.993,-0.978,-0.811,-0.851,-0.817,1
br2_2(155),-0.993,-0.975,-0.914,-0.851,-0.765,1
br2_2(156),-0.994,-0.976,-0.9,-0.864,-0.784,1
br2_2(157),-0.996,-0.974,-0.941,-0.855,-0.818,1
br2_2(158),-0.994,-0.965,-0.901,-0.887,-0.816,1
br2_2(159),-0.993,-0.967,-0.886,-0.886,-0.839,1
br2_2(160),-0.993,-0.977,-0.9,-0.841,-0.856,1
br2_2(161),-0.995,-0.971,-0.895,-0.831,-0.827,1
br2_2(162),-0.998,-0.971,-0.916,-0.83,-0.788,1
br2_2(163),-0.998,-0.972,-0.879,-0.864,-0.798,1
br2_2(164),-0.997,-0.977,-0.849,-0.879,-0.794,1
br2_2(165),-0.992,-0.979,-0.869,-0.855,-0.824,1
br2_2(166),-0.993,-0.977,-0.895,-0.844,-0.811,1
br2_2(167),-0.993,-0.973,-0.887,-0.852,-0.8,1
br2_2(168),-0.996,-0.975,-0.873,-0.826,-0.754,1
br2_2(169),-0.996,-0.975,-0.895,-0.845,-0.815,1
br2_2(170),-0.994,-0.971,-0.895,-0.862,-0.824,1
br2_2(171),-0.993,-0.973,-0.874,-0.839,-0.806,1
br2_2(172),-0.995,-0.966,-0.885,-0.816,-0.785,1
br2_2(173),-0.998,-0.972,-0.894,-0.837,-0.815,1
br2_2(174),-0.998,-0.964,-0.875,-0.846,-0.85,1
br2_2(175),-0.998,-0.972,-0.903,-0.836,-0.825,1
